-- --------------------------------------------------------
-- Host:                         127.0.0.1
-- Versión del servidor:         5.6.17 - MySQL Community Server (GPL)
-- SO del servidor:              Win64
-- HeidiSQL Versión:             8.3.0.4694
-- --------------------------------------------------------

/*!40101 SET @OLD_CHARACTER_SET_CLIENT=@@CHARACTER_SET_CLIENT */;
/*!40101 SET NAMES utf8 */;
/*!40014 SET @OLD_FOREIGN_KEY_CHECKS=@@FOREIGN_KEY_CHECKS, FOREIGN_KEY_CHECKS=0 */;
/*!40101 SET @OLD_SQL_MODE=@@SQL_MODE, SQL_MODE='NO_AUTO_VALUE_ON_ZERO' */;

-- Volcando estructura de base de datos para smw_testtraining
CREATE DATABASE IF NOT EXISTS `smw_testtraining` /*!40100 DEFAULT CHARACTER SET utf8 */;
USE `smw_testtraining`;


-- Volcando estructura para tabla smw_testtraining.log
CREATE TABLE IF NOT EXISTS `log` (
  `id` int(11) NOT NULL AUTO_INCREMENT,
  `id_user` int(11) DEFAULT NULL,
  `action` varchar(50) DEFAULT NULL,
  `estado` int(11) NOT NULL DEFAULT '0',
  `fecha_alta` timestamp NOT NULL DEFAULT CURRENT_TIMESTAMP,
  PRIMARY KEY (`id`)
) ENGINE=InnoDB AUTO_INCREMENT=46 DEFAULT CHARSET=utf8;

-- Volcando datos para la tabla smw_testtraining.log: ~45 rows (aproximadamente)
DELETE FROM `log`;
/*!40000 ALTER TABLE `log` DISABLE KEYS */;
INSERT INTO `log` (`id`, `id_user`, `action`, `estado`, `fecha_alta`) VALUES
	(1, 1, 'Finaliza MSimulador', 0, '2015-05-20 08:59:04'),
	(2, 1, 'Finaliza MPreguntados31.19', 0, '2015-05-20 08:59:04'),
	(3, 1, 'Finaliza MPreguntados90', 0, '2015-05-20 10:27:00'),
	(4, 1, 'Finaliza MSimulador', 0, '2015-05-20 10:30:00'),
	(5, 1, 'Finaliza MPreguntados90', 0, '2015-05-20 10:30:00'),
	(6, 1, 'Finaliza MPreguntados100', 0, '2015-05-20 11:03:12'),
	(7, 1, 'Finaliza MPreguntados100', 0, '2015-05-20 11:23:31'),
	(8, 1, 'Finaliza MPreguntados93.33', 0, '2015-05-20 17:58:01'),
	(9, 1, 'Finaliza MSimulador', 0, '2015-05-20 17:59:56'),
	(10, 1, 'Finaliza MPreguntados46.67', 0, '2015-05-20 17:59:56'),
	(11, 1, 'Finaliza MSimulador', 0, '2015-05-20 18:06:30'),
	(12, 1, 'Finaliza MPreguntados13.33', 0, '2015-05-20 18:06:30'),
	(13, 1, 'Finaliza MPreguntados66.67', 0, '2015-05-20 18:09:37'),
	(14, 1, 'Finaliza MPreguntados100', 0, '2015-05-20 18:11:27'),
	(15, 1, 'Finaliza MPreguntados100', 0, '2015-05-20 18:24:56'),
	(16, 1, 'Finaliza MPreguntados0', 0, '2015-05-20 18:25:38'),
	(17, 1, 'Finaliza MPreguntados66.67', 0, '2015-05-20 18:31:52'),
	(18, 1, 'Finaliza MPreguntados26.67', 0, '2015-05-20 18:34:38'),
	(19, 1, 'Finaliza MPreguntados86.67', 0, '2015-05-20 18:36:46'),
	(20, 1, 'Finaliza MPreguntados80', 0, '2015-05-20 18:43:49'),
	(21, 1, 'Finaliza MPreguntados33.33', 0, '2015-05-20 18:45:28'),
	(22, 1, 'Finaliza MSimulador', 0, '2015-05-20 18:47:17'),
	(23, 1, 'Finaliza MPreguntados20', 0, '2015-05-20 18:47:17'),
	(24, 1, 'Finaliza MSimulador', 0, '2015-05-20 18:47:37'),
	(25, 1, 'Finaliza MPreguntados13.33', 0, '2015-05-20 18:47:37'),
	(26, 1, 'Finaliza MSimulador', 0, '2015-05-20 18:47:53'),
	(27, 1, 'Finaliza MPreguntados6.67', 0, '2015-05-20 18:47:53'),
	(28, 1, 'Finaliza MSimulador', 0, '2015-05-20 18:48:37'),
	(29, 1, 'Finaliza MPreguntados33.33', 0, '2015-05-20 18:48:37'),
	(30, 1, 'Finaliza MPreguntados26.67', 0, '2015-05-20 18:57:26'),
	(31, 1, 'Finaliza MPreguntados13.33', 0, '2015-05-20 18:57:53'),
	(32, 1, 'Finaliza MPreguntados40', 0, '2015-05-20 18:58:19'),
	(33, 1, 'Finaliza MSimulador', 0, '2015-05-20 18:58:50'),
	(34, 1, 'Finaliza MPreguntados46.67', 0, '2015-05-20 18:58:50'),
	(35, 1, 'Finaliza MSimulador', 0, '2015-05-20 18:59:15'),
	(36, 1, 'Finaliza MPreguntados20', 0, '2015-05-20 18:59:15'),
	(37, 1, 'Finaliza MSimulador', 0, '2015-05-20 18:59:38'),
	(38, 1, 'Finaliza MPreguntados40', 0, '2015-05-20 18:59:38'),
	(39, 1, 'Finaliza MPreguntados100', 0, '2015-05-20 19:13:08'),
	(40, 1, 'Finaliza MPreguntados100', 0, '2015-05-20 19:13:42'),
	(41, 1, 'Finaliza MPreguntados100', 0, '2015-05-20 19:15:33'),
	(42, 1, 'Finaliza MPreguntados30', 0, '2015-05-20 19:21:58'),
	(43, 1, 'Finaliza MPreguntados0', 0, '2015-05-20 19:23:29'),
	(44, 1, 'Finaliza MPreguntados0', 0, '2015-05-20 19:27:27'),
	(45, 1, 'Finaliza MPreguntados100', 0, '2015-05-20 19:27:44');
/*!40000 ALTER TABLE `log` ENABLE KEYS */;


-- Volcando estructura para tabla smw_testtraining.modos
CREATE TABLE IF NOT EXISTS `modos` (
  `id` int(11) NOT NULL AUTO_INCREMENT,
  `nombre` varchar(100) NOT NULL,
  `estado` tinyint(4) NOT NULL DEFAULT '0',
  `fecha_alta` timestamp NOT NULL DEFAULT CURRENT_TIMESTAMP,
  PRIMARY KEY (`id`)
) ENGINE=InnoDB AUTO_INCREMENT=5 DEFAULT CHARSET=utf8;

-- Volcando datos para la tabla smw_testtraining.modos: ~4 rows (aproximadamente)
DELETE FROM `modos`;
/*!40000 ALTER TABLE `modos` DISABLE KEYS */;
INSERT INTO `modos` (`id`, `nombre`, `estado`, `fecha_alta`) VALUES
	(1, 'Preguntados', 0, '2015-05-20 14:09:16'),
	(2, 'Simulador', 0, '2015-05-20 14:09:21'),
	(3, 'Escalera', 0, '2015-05-20 14:09:37'),
	(4, 'Apuesta', 0, '2015-05-20 14:09:43');
/*!40000 ALTER TABLE `modos` ENABLE KEYS */;


-- Volcando estructura para tabla smw_testtraining.preguntas
CREATE TABLE IF NOT EXISTS `preguntas` (
  `id` int(11) NOT NULL AUTO_INCREMENT,
  `id_topic` int(11) DEFAULT NULL,
  `pregunta` varchar(600) DEFAULT NULL,
  `estado` int(11) NOT NULL DEFAULT '0',
  `fecha_alta` timestamp NOT NULL DEFAULT CURRENT_TIMESTAMP,
  PRIMARY KEY (`id`)
) ENGINE=InnoDB AUTO_INCREMENT=145 DEFAULT CHARSET=utf8;

-- Volcando datos para la tabla smw_testtraining.preguntas: ~144 rows (aproximadamente)
DELETE FROM `preguntas`;
/*!40000 ALTER TABLE `preguntas` DISABLE KEYS */;
INSERT INTO `preguntas` (`id`, `id_topic`, `pregunta`, `estado`, `fecha_alta`) VALUES
	(1, 1, 'Which is the correct way to get the ValueMap of a resource?', 0, '2015-04-29 12:32:27'),
	(2, 1, 'Which option do you need to add to the Java-based crx-quickstart command to specify that you will be using an LDAP authentication?', 0, '2015-04-29 12:32:28'),
	(3, 1, 'How do you create a configuration for an OSGi bundle within CRX that is specific to only the author instance?', 0, '2015-04-29 12:32:28'),
	(4, 1, 'During a workflow step a comment is added requiring an update of a paragraph on a Web page. Where does the workflow author make the change?', 0, '2015-04-29 12:32:28'),
	(5, 1, 'Which  method  of  the  ResourceResolver  Interface  uses  resources  mapping  to  retrieve  property values?', 0, '2015-04-29 12:32:28'),
	(6, 1, 'How does the OSGi installer manage a bundle if a bundle with the same symbolic name is already installed?', 0, '2015-04-29 12:32:28'),
	(7, 1, 'How do you create a design dialog for a CQ component?', 0, '2015-04-29 12:32:28'),
	(8, 1, 'You want to use a different page properties dialog instead of the one out of the box. How do you configure it?', 0, '2015-04-29 12:32:29'),
	(9, 1, 'What is the purpose of a Closed User Group?', 0, '2015-04-29 12:32:29'),
	(10, 1, 'What is the purpose of sending values as selectors in the URL instead of sending them as query parameters?', 0, '2015-04-29 12:32:29'),
	(11, 1, 'How do you specify dependencies for your CQ HTML client library?', 0, '2015-04-29 12:32:29'),
	(12, 1, 'Given the service reference properties set in a servlet:@Properties({@Property(name=\'sling.servlet.resourceType\',? value=\'myApp/myResource\'),@Property(name=\'sling.servlet.selectors\', value={\'img\',\'pdf\'}),@Property(name=\'sling.servlet.paths\', ? value={\'/apps/myApp/mypdf\',\'/libs/sling/myimg\'})})Which properties will the servlet take into consideration when it is being registered?', 0, '2015-04-29 12:32:29'),
	(13, 1, 'When you are adding or updating the configuration of an OSGi component using the Apache Felix Web Console, how long does it take for the configuration to be updated?', 0, '2015-04-29 12:32:29'),
	(14, 1, 'You have a component \'A\' that has a dialog and four JSP scripts: main.jsp, script1.jsp, script2.jsp and script3.jsp. The script main.jsp includes the other three scripts. Now you implement component \'B\', which is very similar to component \'A\', but with a different script2.jsp  script. Component \'B\' declares \'A\' as its resourceSuperType. What is the best way to implement script2.jsp for Component \'B\'?', 0, '2015-04-29 12:32:30'),
	(15, 1, 'What are the two attributes of an Event in an OSGi Event Admin Service?', 0, '2015-04-29 12:32:30'),
	(16, 1, 'When does a RESTful request with a suffix get cached?', 0, '2015-04-29 12:32:30'),
	(17, 1, 'You are working with two components: Component A and Component B.Component B has a slightly different behavior than component A.What is the best way to reuse the default script of component A in component B?', 0, '2015-04-29 12:32:30'),
	(18, 1, 'What does an Item represent in a JCR repository hierarchical content model diagram?', 0, '2015-04-29 12:32:30'),
	(19, 1, 'Which access control policies does the JCR Session define to manage nodes?', 0, '2015-04-29 12:32:30'),
	(20, 1, 'How do you delete a property inside a Node object?', 0, '2015-04-29 12:32:31'),
	(21, 1, 'You   are   creating   a   repository-based   OSGi   configuration.   Which   name   should   the   factory configuration node have?', 0, '2015-04-29 12:32:31'),
	(22, 1, 'How are the resources called that are passed through a workflow?', 0, '2015-04-29 12:32:31'),
	(23, 1, 'You want to prompt a workflow user for information during the processing of a workflow step. Where is the content that the workflow user entered stored?', 0, '2015-04-29 12:32:31'),
	(24, 1, 'What is the main purpose of the CQ HTML client library property that is called categories?', 0, '2015-04-29 12:32:31'),
	(25, 1, 'What is the purpose of the Impersonators tab within the User settings?', 0, '2015-04-29 12:32:32'),
	(26, 1, 'Which OSGi configuration settings take over precedence on start-up?', 0, '2015-04-29 12:32:32'),
	(27, 1, 'Which tab in the Apache Felix Web Console displays the list of all the users that are logged in to the repository?', 0, '2015-04-29 12:32:32'),
	(28, 1, 'How do you define the error message that should be displayed when the regex widget validation results in an error?', 0, '2015-04-29 12:32:32'),
	(29, 1, 'You have renamed the CQ quickstart file to cq5-author-4502.jar. What is the correct way to install CQ 5.4 as a Windows Service?', 0, '2015-04-29 12:32:32'),
	(30, 1, 'You have a CQ instance configured to use LDAP authentication. In the LDAP configuration file you see the parameter \'com.day.core.CRXLoginModule sufficient;\'. What is the purpose of this parameter?', 0, '2015-04-29 12:32:32'),
	(31, 1, 'What is the main purpose of the Components tab in the Apache Felix Web OSGi Console?', 0, '2015-04-29 12:32:33'),
	(32, 1, 'You  are  installing  a  content  package  with  the  Package  Manager.  What  does  the  setting  Save Threshold in the Install Package dialog mean?', 0, '2015-04-29 12:32:33'),
	(33, 1, 'A change in a JSP is NOT being reflected.  How do you enforce a fresh parsing/compilation of the JSP file?', 0, '2015-04-29 12:32:33'),
	(34, 1, 'Which type of Replication Agent do you create to flush the Web server cache for a newly activated page?', 0, '2015-04-29 12:32:33'),
	(35, 1, 'You create a Replication Agent on your Author instance. Which transportation user settings should you configure?', 0, '2015-04-29 12:32:33'),
	(36, 1, 'Which statement correctly describes the OSGi installer service?', 0, '2015-04-29 12:32:34'),
	(37, 1, 'Given the CQ Dispatcher configuration in the /filter section:/filter{/0001 { /glob \'*\' /type \'deny\' }/0002 { /glob \'* /content/geometrixx[./]*\' /type \'allow\' }/0003 { /glob \'* /content/geometrixx/company[./]*\' /type \'deny\' }/0004 { /glob \'*\' /type \'allow\' }}Which rule will be applied to the request: /content/geometrixx/company/news.html?', 0, '2015-04-29 12:32:34'),
	(38, 1, 'Given the configuration in the Apache Web server httpd.conf:&lt;Directory / &gt;&lt;IfModule disp_apache2.c&gt;SetHandler dispatcher-handler&lt;/IfModule&gt;Options FollowSymLinks AllowOverride None&lt;/Directory&gt;What is the purpose of the SetHandler option?', 0, '2015-04-29 12:32:34'),
	(39, 1, 'You want to create a custom widget. In which type of folder should you create the custom widget?', 0, '2015-04-29 12:32:34'),
	(40, 1, 'Which flag should you set when you configure the mod_rewrite rules of the Apache Web server when you are including the CQ Dispatcher module?', 0, '2015-04-29 12:32:34'),
	(41, 1, 'You want the process script to automatically advance the workflow to the next step after execution. Which dialog form field of a Process Step must be set to true?', 0, '2015-04-29 12:32:35'),
	(42, 1, 'You want to debug a CQ HTML client library in the author instance. You want to avoid compressing the JavaScript file. What must you do?', 0, '2015-04-29 12:32:35'),
	(43, 1, 'You want to request a JSON representation of the  content. What do you have to do with the request?', 0, '2015-04-29 12:32:35'),
	(44, 1, 'What is the purpose of the Export Package Manifest header?', 0, '2015-04-29 12:32:35'),
	(45, 1, 'You are creating a component on the page /hotNews.html that needs to list all the titles of the news pages under /news. How does this component get the list of child pages?', 0, '2015-04-29 12:32:36'),
	(46, 1, 'You want to create a new javax.jcr.Node nodeC as a copy of node/n A.nodeC should also be a child of nodeB.What should you do?', 0, '2015-04-29 12:32:36'),
	(47, 1, 'You want to view request information sent to the server. Which browser-based tool should you use?', 0, '2015-04-29 12:32:36'),
	(48, 1, 'You are configuring a Replication Agent. What does the check box Use for reverse replication in the Agent Settings dialog mean?', 0, '2015-04-29 12:32:36'),
	(49, 1, 'You  want  to  define  a  Java  based  CQ  workflow  process  step.  Which  interface  must  your  class implement?', 0, '2015-04-29 12:32:36'),
	(50, 1, 'You are configuring the dispatcher configuration file dispatcher.any. What does the glob /invalidate{/0001	{/glob  \'*.html\'  /type  \'allow\'  }}	enforce  the  dispatcher  to  do  when  the  Web  page/content/mypage.html gets activated?', 0, '2015-04-29 12:32:37'),
	(51, 1, 'How can you configure a CQ component to allow an Author to edit content without opening a dialog?', 0, '2015-04-29 12:32:37'),
	(52, 1, 'You want to extend the foundation Text/Image component by creating a new component. Which is the correct value to add to the property resourceSuperType in the new component?', 0, '2015-04-29 12:32:37'),
	(53, 1, 'You have changed the CRX admin password. Which console or tool do you also need to update?', 0, '2015-04-29 12:32:37'),
	(54, 1, 'You created a site /project/en and want to add language sites /de and /fr. What is the best practice to create the additional language sites?', 0, '2015-04-29 12:32:37'),
	(55, 1, 'You have an active bundle which is configured via CRX repository. What do you have to do after you have saved changes to the configuration to apply them?', 0, '2015-04-29 12:32:38'),
	(56, 1, 'You  have  a  page and  want to  create  a  child page. Which  property  has  the  highest priority  to determine which templates can be used?', 0, '2015-04-29 12:32:38'),
	(57, 1, 'You have successfully installed CRX and crx-launchpad on Websphere Application Server. How do you install CQ5?', 0, '2015-04-29 12:32:38'),
	(58, 1, 'How does the Configuration Admin service use Persistence IDs (PID)?', 0, '2015-04-29 12:32:38'),
	(59, 1, 'You want to add additional features to a Node. What should you do?', 0, '2015-04-29 12:32:38'),
	(60, 1, 'Which is a difference between an OSGI bundle and a Java package?', 0, '2015-04-29 12:32:39'),
	(61, 1, 'You want to install bundles through CRX only in the author instance. Which folder name can you use for that purpose?', 0, '2015-04-29 12:32:39'),
	(62, 1, 'You are logged in as userA and you are impersonating userB.How are your activities logged in the access.log?', 0, '2015-04-29 12:32:39'),
	(63, 1, 'You have configured the cached properly in the dispatcher module. What is the difference between: request	1	=	/content/mypage/mypic.small.png??	and	request	2	=/content/mypage/mypic.png?size=small', 0, '2015-04-29 12:32:39'),
	(64, 1, 'You are checking the permissions of a user in CQ. In the Permissions tab you notice that next to some check boxes there is an exclamation point. What does this exclamation point mean?', 0, '2015-04-29 12:32:39'),
	(65, 1, 'You have created a bundle with CRXDE. What does the .bnd file contain?', 0, '2015-04-29 12:32:40'),
	(66, 1, 'When you are saving or updating a configuration in the Configurations tab in the Apache Felix Web OSGi Console, where are these configuration settings saved?', 0, '2015-04-29 12:32:40'),
	(67, 1, 'Which service property does an Event Subscriber need to subscribe to an Event Handler in the OSGi Event Admin service?', 0, '2015-04-29 12:32:40'),
	(68, 1, 'Which xtype should you use if you want to reuse a part of a dialog in another dialog?', 0, '2015-04-29 12:32:40'),
	(69, 1, 'How can you replicate to a specific agent using the CQ Replicator interface?', 0, '2015-04-29 12:32:40'),
	(70, 1, 'You want to change the configuration of a bundle during runtime in the repository. Which location has the highest priority?', 0, '2015-04-29 12:32:41'),
	(71, 1, 'In your CQ Component script you want to read a property value which has been created with a design dialog. How can you get the value?', 0, '2015-04-29 12:32:41'),
	(72, 1, 'You have created two templates, tempA and tempB.In the property allowedChildren of tempA you include tempB.You create a pageA based on tempA and add a property cq:allowedTemplates with a list of templates, but excluding tempB.Can you select tempB to create a page as child of pageA?', 0, '2015-04-29 12:32:41'),
	(73, 1, 'You want to create a page with the CQ PageManager. The parent path does NOT yet exist. Which template is assigned to the parent pages?', 0, '2015-04-29 12:32:41'),
	(74, 1, 'What is the most significant difference between the Edit and the Design mode?', 0, '2015-04-29 12:32:41'),
	(75, 1, 'You create a custom workflow process using the CQ API. Which method or methods needs to be implemented when your class implements the WorkflowProcess Interface?', 0, '2015-04-29 12:32:42'),
	(76, 1, 'You want to configure two hostnames pointing to two different site structures in the same CQ instance. Which configuration must be set in the Apache Web server?', 0, '2015-04-29 12:32:42'),
	(77, 1, 'How do you disable WebDAV access on the publish instance?', 0, '2015-04-29 12:32:42'),
	(78, 1, 'What does the Configuration Admin Service in OSGi provide?', 0, '2015-04-29 12:32:42'),
	(79, 1, 'You are creating a component to render a modified image. What is the proper way to build the URL of the image in order to enable caching of the response?', 0, '2015-04-29 12:32:42'),
	(80, 1, 'How do you get the current rendering mode within a CQ component script?', 0, '2015-04-29 12:32:43'),
	(81, 1, 'What is the difference between Simple Versioning and Full Versioning?', 0, '2015-04-29 12:32:43'),
	(82, 1, 'You want to run a script as a workflow step. Which workflow step should you select?', 0, '2015-04-29 12:32:43'),
	(83, 1, 'You want to switch to preview mode by modifying the URL. What should you do?', 0, '2015-04-29 12:32:43'),
	(84, 1, 'Given the following selector: print.a4 and the URL extension is html, which script will Sling render?', 0, '2015-04-29 12:32:44'),
	(85, 1, 'Which should you use to get the root node of a JCR workspace?', 0, '2015-04-29 12:32:44'),
	(86, 1, 'Which tab in the Apache Felix Web OSGi Console is used to install OSGi bundles?', 0, '2015-04-29 12:32:44'),
	(87, 1, 'How can you use the Apache Felix Web OSGi console to check if an OSGi bundle is running?', 0, '2015-04-29 12:32:44'),
	(88, 1, 'Which is the correct way to get the ValueMap of a resource?', 0, '2015-04-29 12:32:44'),
	(89, 1, 'Which option do you need to add to the Java-based crx-quickstart command to specify that you will be using an LDAP authentication?', 0, '2015-04-29 12:32:45'),
	(90, 1, 'How do you create a configuration for an OSGi bundle within CRX that is specific to only the author instance?', 0, '2015-04-29 12:32:45'),
	(91, 1, 'During a workflow step a comment is added requiring an update of a paragraph on a Web page. Where does the workflow author make the change?', 0, '2015-04-29 12:32:45'),
	(92, 1, 'Which method of the ResourceResolver Interface uses resources mapping to retrieve property values?', 0, '2015-04-29 12:32:45'),
	(93, 1, 'How does the OSGi installer manage a bundle if a bundle with the same symbolic name is already installed?', 0, '2015-04-29 12:32:46'),
	(94, 1, 'How do you create a design dialog for a CQ component?', 0, '2015-04-29 12:32:46'),
	(95, 1, 'You are working with two components: Component A and Component B.Component B has a slightly different behavior than component A.What is the best way to reuse the default script of component A in component B?', 0, '2015-04-29 12:32:46'),
	(96, 1, 'What does an Item represent in a JCR repository hierarchical content model diagram?', 0, '2015-04-29 12:32:46'),
	(97, 1, 'Which access control policies does the JCR Session define to manage nodes?', 0, '2015-04-29 12:32:46'),
	(98, 1, 'How do you delete a property inside a Node object?', 0, '2015-04-29 12:32:47'),
	(99, 1, 'You are creating a repository-based OSGi configuration. Which name should the factory configuration node have?', 0, '2015-04-29 12:32:47'),
	(100, 1, 'How are the resources called that are passed through a workflow?', 0, '2015-04-29 12:32:47'),
	(101, 1, 'You want to prompt a workflow user for information during the processing of a workflow step. Where is the content that the workflow user entered stored?', 0, '2015-04-29 12:32:47'),
	(102, 1, 'What is the main purpose of the CQ HTML client library property that is called categories?', 0, '2015-04-29 12:32:47'),
	(103, 1, 'What is the purpose of the Impersonators tab within the User settings?', 0, '2015-04-29 12:32:48'),
	(104, 1, 'Which OSGi configuration settings take over precedence on start-up?', 0, '2015-04-29 12:32:48'),
	(105, 1, 'Which tab in the Apache Felix Web Console displays the list of all the users that are logged in to the repository?', 0, '2015-04-29 12:32:48'),
	(106, 1, 'How do you define the error message that should be displayed when the regex widget validation results in an error?', 0, '2015-04-29 12:32:48'),
	(107, 1, 'You want to use a different page properties dialog instead of the one out of the box. How do you configure it?', 0, '2015-04-29 12:32:48'),
	(108, 1, 'What is the purpose of a closed user group?', 0, '2015-04-29 12:32:49'),
	(109, 1, 'What is the purpose of sending values as selectors in the URL istead of sending them as query parameters?', 0, '2015-04-29 12:32:49'),
	(110, 2, 'Cielo', 0, '2015-05-20 10:24:39'),
	(111, 2, 'Sol', 0, '2015-05-20 10:24:39'),
	(112, 2, 'Tierra', 0, '2015-05-20 10:24:39'),
	(113, 2, 'Agua', 0, '2015-05-20 10:24:39'),
	(114, 2, 'Flora', 0, '2015-05-20 10:24:39'),
	(115, 2, 'Fauna', 0, '2015-05-20 10:24:40'),
	(116, 2, 'Madera', 0, '2015-05-20 10:24:40'),
	(117, 2, 'Metal', 0, '2015-05-20 10:24:40'),
	(118, 2, 'Piedra', 0, '2015-05-20 10:24:40'),
	(119, 2, 'Fuego', 0, '2015-05-20 10:24:40'),
	(120, 3, 'Boca', 0, '2015-05-20 10:37:55'),
	(121, 3, 'River', 0, '2015-05-20 10:37:55'),
	(122, 3, 'San Lorenzo', 0, '2015-05-20 10:37:56'),
	(123, 3, 'Racing', 0, '2015-05-20 10:37:56'),
	(124, 3, 'Independiente', 0, '2015-05-20 10:37:56'),
	(125, 3, 'Barcelona', 0, '2015-05-20 10:37:56'),
	(126, 3, 'Real Madrid', 0, '2015-05-20 10:37:56'),
	(127, 3, 'Manchester City', 0, '2015-05-20 10:37:57'),
	(128, 3, 'Ajax', 0, '2015-05-20 10:37:57'),
	(129, 3, 'Sao Paulo', 0, '2015-05-20 10:37:57'),
	(130, 4, 'Molotov', 0, '2015-05-20 10:53:18'),
	(131, 4, 'Intoxicados', 0, '2015-05-20 10:53:19'),
	(132, 4, 'No te va a gustar', 0, '2015-05-20 10:53:19'),
	(133, 4, 'Estopa', 0, '2015-05-20 10:53:19'),
	(134, 4, 'Sepultura', 0, '2015-05-20 10:53:19'),
	(135, 4, 'Korn', 0, '2015-05-20 10:53:20'),
	(136, 4, 'Queen', 0, '2015-05-20 10:53:20'),
	(137, 4, 'Die Toten Hosen', 0, '2015-05-20 10:53:20'),
	(138, 4, 'Roxette', 0, '2015-05-20 10:53:20'),
	(139, 4, 'Calle 13', 0, '2015-05-20 10:53:20'),
	(140, 4, 'TATU', 0, '2015-05-20 11:16:04'),
	(141, 4, 'Cafe Tacuba', 0, '2015-05-20 11:17:49'),
	(142, 4, 'Soda Stereo', 0, '2015-05-20 11:19:57'),
	(143, 4, 'Cuarteto de Nos', 0, '2015-05-20 11:20:43'),
	(144, 4, 'Aerosmith', 0, '2015-05-20 11:21:47');
/*!40000 ALTER TABLE `preguntas` ENABLE KEYS */;


-- Volcando estructura para tabla smw_testtraining.puntuacion
CREATE TABLE IF NOT EXISTS `puntuacion` (
  `id` int(11) NOT NULL AUTO_INCREMENT,
  `id_topic` int(11) DEFAULT NULL,
  `id_usuario` int(11) DEFAULT NULL,
  `id_modo` varchar(50) DEFAULT NULL,
  `intento` tinyint(4) DEFAULT '1',
  `puntos` double DEFAULT '0',
  `fecha` date DEFAULT '1988-01-18',
  `estado` tinyint(4) NOT NULL DEFAULT '0',
  `fecha_alta` timestamp NOT NULL DEFAULT CURRENT_TIMESTAMP,
  PRIMARY KEY (`id`)
) ENGINE=InnoDB AUTO_INCREMENT=49 DEFAULT CHARSET=utf8;

-- Volcando datos para la tabla smw_testtraining.puntuacion: ~48 rows (aproximadamente)
DELETE FROM `puntuacion`;
/*!40000 ALTER TABLE `puntuacion` DISABLE KEYS */;
INSERT INTO `puntuacion` (`id`, `id_topic`, `id_usuario`, `id_modo`, `intento`, `puntos`, `fecha`, `estado`, `fecha_alta`) VALUES
	(1, 1, 1, '1', 1, 0, '1988-01-18', 0, '2015-05-19 17:48:47'),
	(2, 1, 1, '1', 1, 0, '1988-01-18', 0, '2015-05-19 17:48:56'),
	(3, 1, 1, '1', 1, 0, '1988-01-18', 0, '2015-05-19 17:49:01'),
	(4, 1, 1, '2', 1, 0, '1988-01-18', 0, '2015-05-19 17:49:58'),
	(5, 1, 1, '2', 1, 0, '1988-01-18', 0, '2015-05-19 17:50:04'),
	(6, 1, 1, '2', 1, 0, '1988-01-18', 0, '2015-05-19 17:50:08'),
	(7, 4, 1, '1', 1, 93.33, '1988-01-18', 0, '2015-05-18 17:55:23'),
	(8, 4, 1, '2', 1, 0, '1988-01-18', 0, '2015-05-18 17:59:25'),
	(9, 4, 1, '2', 1, 13.33, '1988-01-18', 0, '2015-05-18 18:06:04'),
	(10, 1, 1, '1', 1, 1.83, '1988-01-18', 0, '2015-05-20 18:08:52'),
	(11, 1, 1, '1', 1, 3.67, '1988-01-18', 0, '2015-05-20 18:10:55'),
	(12, 3, 1, '1', 1, 20, '1988-01-18', 0, '2015-05-20 18:24:09'),
	(13, 3, 1, '1', 1, 0, '1988-01-18', 0, '2015-05-20 18:24:59'),
	(14, 3, 1, '1', 1, 0, '1988-01-18', 0, '2015-05-20 18:25:39'),
	(15, 4, 1, '1', 1, 46.67, '1988-01-18', 1, '2015-05-18 18:25:58'),
	(16, 4, 1, '1', 1, 0, '1988-01-18', 1, '2015-05-18 18:28:00'),
	(17, 4, 1, '1', 1, 0, '1988-01-18', 1, '2015-05-20 18:29:40'),
	(18, 4, 1, '1', 1, 66.67, '1988-01-18', 1, '2015-05-20 18:30:56'),
	(19, 4, 1, '1', 1, 0, '1988-01-18', 1, '2015-05-20 18:32:08'),
	(20, 4, 1, '1', 1, 26.67, '1988-01-18', 1, '2015-05-20 18:34:07'),
	(21, 4, 1, '1', 1, 86.67, '1988-01-18', 1, '2015-05-20 18:34:41'),
	(22, 4, 1, '1', 1, 0, '1988-01-18', 1, '2015-05-20 18:38:13'),
	(23, 2, 1, '1', 1, 80, '1988-01-18', 0, '2015-05-20 18:42:57'),
	(24, 2, 1, '1', 1, 20, '1988-01-18', 0, '2015-05-20 18:44:59'),
	(25, 2, 1, '1', 1, 0, '1988-01-18', 0, '2015-05-20 18:45:36'),
	(26, 4, 1, '2', 1, 20, '1988-01-18', 1, '2015-05-20 18:46:28'),
	(27, 4, 1, '2', 1, 13.33, '1988-01-18', 1, '2015-05-20 18:47:25'),
	(28, 4, 1, '2', 1, 6.67, '1988-01-18', 1, '2015-05-20 18:47:40'),
	(29, 4, 1, '2', 1, 33.33, '1988-01-18', 1, '2015-05-20 18:47:57'),
	(30, 4, 1, '1', 1, 26.67, '1988-01-18', 0, '2015-05-20 18:56:57'),
	(31, 4, 1, '1', 1, 13.33, '1988-01-18', 0, '2015-05-20 18:57:28'),
	(32, 4, 1, '1', 1, 40, '1988-01-18', 0, '2015-05-20 18:57:54'),
	(33, 4, 1, '2', 1, 46.67, '1988-01-18', 0, '2015-05-20 18:58:29'),
	(34, 4, 1, '2', 1, 20, '1988-01-18', 0, '2015-05-20 18:58:54'),
	(35, 4, 1, '2', 1, 40, '1988-01-18', 0, '2015-05-20 18:59:18'),
	(36, 3, 1, '1', 1, 0, '1988-01-18', 0, '2015-05-20 19:07:03'),
	(37, 3, 1, '1', 1, 0, '1988-01-18', 0, '2015-05-20 19:07:55'),
	(38, 3, 1, '1', 1, 0, '1988-01-18', 0, '2015-05-20 19:10:12'),
	(39, 3, 1, '1', 1, 0, '1988-01-18', 0, '2015-05-20 19:10:21'),
	(40, 3, 1, '1', 1, 40, '1988-01-18', 0, '2015-05-20 19:12:21'),
	(41, 3, 1, '1', 1, 30, '1988-01-18', 0, '2015-05-20 19:13:10'),
	(42, 3, 1, '1', 1, 30, '1988-01-18', 0, '2015-05-20 19:21:40'),
	(43, 3, 1, '1', 1, 0, '1988-01-18', 0, '2015-05-20 19:23:20'),
	(44, 3, 1, '1', 1, 10, '1988-01-18', 0, '2015-05-20 19:23:31'),
	(45, 4, 1, '1', 1, 0, '1988-01-18', 0, '2015-05-20 19:27:22'),
	(46, 4, 1, '1', 1, 0, '1988-01-18', 0, '2015-05-20 19:27:29'),
	(47, 3, 1, '1', 1, 10, '1988-01-18', 0, '2015-05-20 19:27:41'),
	(48, 3, 1, '1', 1, 0, '1988-01-18', 0, '2015-05-20 19:27:46');
/*!40000 ALTER TABLE `puntuacion` ENABLE KEYS */;


-- Volcando estructura para tabla smw_testtraining.respuestas
CREATE TABLE IF NOT EXISTS `respuestas` (
  `id` int(11) NOT NULL AUTO_INCREMENT,
  `id_pregunta` int(11) DEFAULT NULL,
  `respuesta` varchar(200) DEFAULT NULL,
  `explanation` varchar(1000) NOT NULL DEFAULT '',
  `correcta` tinyint(4) DEFAULT NULL,
  `estado` tinyint(4) DEFAULT '0',
  `fecha_alta` timestamp NULL DEFAULT CURRENT_TIMESTAMP,
  PRIMARY KEY (`id`)
) ENGINE=InnoDB AUTO_INCREMENT=577 DEFAULT CHARSET=utf8;

-- Volcando datos para la tabla smw_testtraining.respuestas: ~576 rows (aproximadamente)
DELETE FROM `respuestas`;
/*!40000 ALTER TABLE `respuestas` DISABLE KEYS */;
INSERT INTO `respuestas` (`id`, `id_pregunta`, `respuesta`, `explanation`, `correcta`, `estado`, `fecha_alta`) VALUES
	(1, 1, 'resourceResolver.adaptTo(ValueMap.class)', '', 0, 0, '2015-04-29 12:32:27'),
	(2, 1, 'resource.adaptTo(ValueMap.class)', '', 1, 0, '2015-04-29 12:32:27'),
	(3, 1, 'currentNode.getValueMap()', '', 0, 0, '2015-04-29 12:32:27'),
	(4, 1, 'currentPage.getValueMap()', '', 0, 0, '2015-04-29 12:32:28'),
	(5, 2, 'Dcom.day.crx.core.CRXUserManagerImpl=crx-quickstart/server/etc/ldap_login.conf', '', 0, 0, '2015-04-29 12:32:28'),
	(6, 2, 'Djava.security.auth.login.config=crx-quickstart/server/etc/ldap_login.conf', '', 1, 0, '2015-04-29 12:32:28'),
	(7, 2, 'Dcom.day.crx.security.ldap.LDAPLoginModule=required', '', 0, 0, '2015-04-29 12:32:28'),
	(8, 2, 'Dcom.day.crx.security.ldap.principals.LDAPPrincipalProvider=crx- quickstart/server/etc/ldap_login.conf', '', 0, 0, '2015-04-29 12:32:28'),
	(9, 3, 'Add a property called \'run_mode\' to the node sling:OsgiConfig and assign it the value \'author\'.', '', 0, 0, '2015-04-29 12:32:28'),
	(10, 3, 'Use the CRX browser to create a folder in /apps/myproject called \'author\' and then create a new node and select \'nt:unstructured\' as the node type.', '', 0, 0, '2015-04-29 12:32:28'),
	(11, 3, 'Use the CRX browser to create a folder in /apps/myproject called \'author\' and then create a new node and select \'sling:OsgiConfig\' as the node type.', '', 0, 0, '2015-04-29 12:32:28'),
	(12, 3, 'Use the CRX browser to create a folder in /apps/myproject called \'config.author\' and then create a new node and select \'sling:OsgiConfig\' as the node type', '', 1, 0, '2015-04-29 12:32:28'),
	(13, 4, 'In the content page within the workflow step.', '', 1, 0, '2015-04-29 12:32:28'),
	(14, 4, 'In the Workflow Model.', '', 0, 0, '2015-04-29 12:32:28'),
	(15, 4, 'In the Workflow Instance.', '', 0, 0, '2015-04-29 12:32:28'),
	(16, 4, 'In the design page.', '', 0, 0, '2015-04-29 12:32:28'),
	(17, 5, 'resolve().', '', 1, 0, '2015-04-29 12:32:28'),
	(18, 5, 'getResource().', '', 0, 0, '2015-04-29 12:32:28'),
	(19, 5, 'map().', '', 0, 0, '2015-04-29 12:32:28'),
	(20, 5, 'getSearchPath().', '', 0, 0, '2015-04-29 12:32:28'),
	(21, 6, 'It uses the new bundle only if it has a higher version.', '', 1, 0, '2015-04-29 12:32:28'),
	(22, 6, 'Stops the current bundle and allows the user to select which one to start.', '', 0, 0, '2015-04-29 12:32:28'),
	(23, 6, 'Keep the old one and write an error to the log file.', '', 0, 0, '2015-04-29 12:32:28'),
	(24, 6, 'The previous bundle is replaced by the last provided bundle.', '', 0, 0, '2015-04-29 12:32:28'),
	(25, 7, 'Create a dialog in the component folder and set the dialog\'s xtype property to designDialog.', '', 0, 0, '2015-04-29 12:32:28'),
	(26, 7, 'Create a dialog in the component folder and name it design_dialog.', '', 1, 0, '2015-04-29 12:32:28'),
	(27, 7, 'Create the same component path structure under the design page and create the dialog there.', '', 0, 0, '2015-04-29 12:32:29'),
	(28, 7, 'Create a node under the component\'s dialog node and set the xtype property to designDialog.', '', 0, 0, '2015-04-29 12:32:29'),
	(29, 8, 'Create  a  dialog  in  the  page-component  folder  referenced  by  the  template  definition  via sling:resourceType and name it \'dialog\'.', '', 1, 0, '2015-04-29 12:32:29'),
	(30, 8, 'Create a dialog in the template definition node and name it pageProperties.', '', 0, 0, '2015-04-29 12:32:29'),
	(31, 8, 'Create the dialog in the template definition node, name it \'dialog\' and add a property xtype with the value pageProperties.', '', 0, 0, '2015-04-29 12:32:29'),
	(32, 8, 'Create the  dialog in  the  foundation\'s  page-component node  and  name it the  same  as your template definition.', '', 0, 0, '2015-04-29 12:32:29'),
	(33, 9, 'To define a selected group of authors with special authoring permissions', '', 0, 0, '2015-04-29 12:32:29'),
	(34, 9, 'To define one or more Web pages on the publish instance accessible only by members of the Closed User Group', '', 1, 0, '2015-04-29 12:32:29'),
	(35, 9, 'To define a group of users and assign them admin rights to manage workflows', '', 0, 0, '2015-04-29 12:32:29'),
	(36, 9, 'To define a group of users that have special privileges to do system support', '', 0, 0, '2015-04-29 12:32:29'),
	(37, 10, 'To avoid caching the response in the Web server.', '', 0, 0, '2015-04-29 12:32:29'),
	(38, 10, 'To enable the response to be cached in the Web server.', '', 1, 0, '2015-04-29 12:32:29'),
	(39, 10, 'To avoid creating a session object in the application server.', '', 0, 0, '2015-04-29 12:32:29'),
	(40, 10, 'To improve security.', '', 0, 0, '2015-04-29 12:32:29'),
	(41, 11, 'Add a multivalue property called dependencies to the client library root node, containing the value of the dependent client libraries\' categories.', '', 1, 0, '2015-04-29 12:32:29'),
	(42, 11, 'In the js.txt file specify the path to the client library folder where the dependent files are located.', '', 0, 0, '2015-04-29 12:32:29'),
	(43, 11, 'Add a multivalue property called dependencies to the template definition containing the value of the dependent client libraries root path.', '', 0, 0, '2015-04-29 12:32:29'),
	(44, 11, 'Specify the dependencies as path attributes in the &lt;cq:includeClientLib&gt; tag.', '', 0, 0, '2015-04-29 12:32:29'),
	(45, 12, 'All the properties, resourceType, selectors and paths.', '', 0, 0, '2015-04-29 12:32:29'),
	(46, 12, 'Only the sling.servlet.resourceType', '', 0, 0, '2015-04-29 12:32:29'),
	(47, 12, 'Only the sling.servlet.selectors', '', 0, 0, '2015-04-29 12:32:29'),
	(48, 12, 'Only the sling.servlet.paths', '', 1, 0, '2015-04-29 12:32:29'),
	(49, 13, 'The system needs to be restarted to apply the new configuration.', '', 0, 0, '2015-04-29 12:32:29'),
	(50, 13, 'The OSGi component needs to manually be stopped and started again using the Apache Felix Web OSGi Console.', '', 0, 0, '2015-04-29 12:32:30'),
	(51, 13, 'Any changes made are immediately applied to the running system.', '', 1, 0, '2015-04-29 12:32:30'),
	(52, 13, 'The OSGi component needs to be uninstalled and reinstalled again to use the new configuration.', '', 0, 0, '2015-04-29 12:32:30'),
	(53, 14, 'Copy all the dialog nodes from \'A\' to the component folder \'B\' and write script2.jsp', '', 0, 0, '2015-04-29 12:32:30'),
	(54, 14, 'Write script2.jsp and copy main.jsp, which includes script2.jsp, from component \'A\' to \'B\'.', '', 0, 0, '2015-04-29 12:32:30'),
	(55, 14, 'Since the dialog will be inherited, copy only all the jsp files from component \'A\' to \'B\' and write a new script2.jsp.', '', 0, 0, '2015-04-29 12:32:30'),
	(56, 14, 'Only write a new script2.jsp.', '', 1, 0, '2015-04-29 12:32:30'),
	(57, 15, 'Title and options.', '', 0, 0, '2015-04-29 12:32:30'),
	(58, 15, 'Topic and Properties.', '', 0, 0, '2015-04-29 12:32:30'),
	(59, 15, 'Publisher and Subscriber.', '', 0, 0, '2015-04-29 12:32:30'),
	(60, 15, 'Listener and Filters.', '', 1, 0, '2015-04-29 12:32:30'),
	(61, 16, 'They never get cached.', '', 0, 0, '2015-04-29 12:32:30'),
	(62, 16, 'Only if contains additional query parameters.', '', 0, 0, '2015-04-29 12:32:30'),
	(63, 16, 'Only if it doesn\'t contain query parameters.', '', 1, 0, '2015-04-29 12:32:30'),
	(64, 16, 'They always get cached.', '', 0, 0, '2015-04-29 12:32:30'),
	(65, 17, 'Set a property in component B called sling:resourceSuperType with the path to component A and omit the default script in component B', '', 1, 0, '2015-04-29 12:32:30'),
	(66, 17, 'Set a property in component B called sling:resourceSuperType with the path to component A and create an empty default script in component B', '', 0, 0, '2015-04-29 12:32:30'),
	(67, 17, 'Set a property in component B called sling:resourceSuperType with the path to component A and include the default script of component A in the default script in component B', '', 0, 0, '2015-04-29 12:32:30'),
	(68, 17, 'Copy the default script from component A into component B', '', 0, 0, '2015-04-29 12:32:30'),
	(69, 18, 'The value to be stored', '', 0, 0, '2015-04-29 12:32:30'),
	(70, 18, 'A Node or a Property', '', 1, 0, '2015-04-29 12:32:30'),
	(71, 18, 'The UUID of Node', '', 0, 0, '2015-04-29 12:32:30'),
	(72, 18, 'The path to a Node', '', 0, 0, '2015-04-29 12:32:30'),
	(73, 19, 'Privileges to access the JCR workspace.', '', 1, 0, '2015-04-29 12:32:30'),
	(74, 19, 'Permissions to access the JCR repository.', '', 0, 0, '2015-04-29 12:32:31'),
	(75, 19, 'Capabilities to traverse the JCR repository.', '', 0, 0, '2015-04-29 12:32:31'),
	(76, 19, 'A list of node locks in the JCR workspace.', '', 0, 0, '2015-04-29 12:32:31'),
	(77, 20, 'node.removeProperty(\'propertyName\');', '', 0, 0, '2015-04-29 12:32:31'),
	(78, 20, 'String propertyA = \'\'; node.setProperty(\'propertyName\', propertyA);', '', 0, 0, '2015-04-29 12:32:31'),
	(79, 20, 'String propertyA = null; node.setProperty(\'propertyName\', propertyA);', '', 1, 0, '2015-04-29 12:32:31'),
	(80, 20, 'node.delete(\'propertyName\');', '', 0, 0, '2015-04-29 12:32:31'),
	(81, 21, 'Append \'-factory\' to the configuration node name.', '', 0, 0, '2015-04-29 12:32:31'),
	(82, 21, 'Start the node name with \'config-\' and end it with \'-&lt;numeric_value&gt;\'.', '', 0, 0, '2015-04-29 12:32:31'),
	(83, 21, 'Append \'-&lt;identifier&gt;\' to the name, where identifier can be any unique name.', '', 1, 0, '2015-04-29 12:32:31'),
	(84, 21, 'Start the node name with \'factory-\'.', '', 0, 0, '2015-04-29 12:32:31'),
	(85, 22, 'WorkItem.', '', 0, 0, '2015-04-29 12:32:31'),
	(86, 22, 'Transaction.', '', 0, 0, '2015-04-29 12:32:31'),
	(87, 22, 'Lifecycle.', '', 0, 0, '2015-04-29 12:32:31'),
	(88, 22, 'Payload.', '', 1, 0, '2015-04-29 12:32:31'),
	(89, 23, 'As part of the page.', '', 1, 0, '2015-04-29 12:32:31'),
	(90, 23, 'As part of the workflow model.', '', 0, 0, '2015-04-29 12:32:31'),
	(91, 23, 'As part of the workflow instance.', '', 0, 0, '2015-04-29 12:32:31'),
	(92, 23, 'As part of the design.', '', 0, 0, '2015-04-29 12:32:31'),
	(93, 24, 'To easily find client libraries when the user searches categories in the author environment.', '', 0, 0, '2015-04-29 12:32:31'),
	(94, 24, 'To uniquely name a group of client libraries to be included in templates or components and to reference dependencies to other client libraries.', '', 1, 0, '2015-04-29 12:32:31'),
	(95, 24, 'To link the categories name with the component name, so that the client library can be included automatically into the component.', '', 0, 0, '2015-04-29 12:32:32'),
	(96, 24, 'To define the type of files that the client library contains, e.g. JavaScript and/or CSS.', '', 0, 0, '2015-04-29 12:32:32'),
	(97, 25, 'Add one or more users that are allowed to take over all permissions from the current user.', '', 0, 0, '2015-04-29 12:32:32'),
	(98, 25, 'Add one or more users that are inheriting the permissions from the current user.', '', 0, 0, '2015-04-29 12:32:32'),
	(99, 25, 'Add one or more users that can act on the behalf of the current user.', '', 1, 0, '2015-04-29 12:32:32'),
	(100, 25, 'Add one or more users that the current user can act on their behalf.', '', 0, 0, '2015-04-29 12:32:32'),
	(101, 26, 'Any  .config  files  from  &lt;cq-installation-dir&gt;/crx-quickstart/launchpad/config/*  on  the  local  file system.', '', 0, 0, '2015-04-29 12:32:32'),
	(102, 26, 'Repository nodes with type sling:OsgiConfig under /libs/*/install.', '', 0, 0, '2015-04-29 12:32:32'),
	(103, 26, 'Repository nodes with type sling:OsgiConfig under /apps/*/config.', '', 1, 0, '2015-04-29 12:32:32'),
	(104, 26, 'Repository nodes with type sling:OsgiConfig under /libs/*/config.', '', 0, 0, '2015-04-29 12:32:32'),
	(105, 27, 'Authenticator tab.', '', 0, 0, '2015-04-29 12:32:32'),
	(106, 27, 'CRX Login Tokens tab.', '', 1, 0, '2015-04-29 12:32:32'),
	(107, 27, 'Recent Request tab.', '', 0, 0, '2015-04-29 12:32:32'),
	(108, 27, 'System Information tab.', '', 0, 0, '2015-04-29 12:32:32'),
	(109, 28, 'After the regular expression property in the cq:Widget element, add a new property, name it regex and enter the error message in quotes.', '', 0, 0, '2015-04-29 12:32:32'),
	(110, 28, 'Add a property to the cq:Widget element, name it regexText and enter the error message.', '', 1, 0, '2015-04-29 12:32:32'),
	(111, 28, 'Create a node under the cq:Widget element, name it options, then create a property called errorMessage and enter the error message.', '', 0, 0, '2015-04-29 12:32:32'),
	(112, 28, 'Create a node under the cqWidget element and name it errorMessage. Create a property called text and enter the error message.', '', 0, 0, '2015-04-29 12:32:32'),
	(113, 29, 'In Windows open Services &gt; Administrative Tools and then upload cq5-author-4502.jar to the control panel.', '', 0, 0, '2015-04-29 12:32:32'),
	(114, 29, 'Use the command line and start CQ with java -Xmx512M -jar cq5-author-4502.jar -service.', '', 0, 0, '2015-04-29 12:32:32'),
	(115, 29, 'Unpack cq5-author-4502.jar, navigate to crx-quickstart/opt/helpers and start instsrv.bat.', '', 1, 0, '2015-04-29 12:32:32'),
	(116, 29, 'Open the Apache Felix Web OSGi console, navigate to Services and upload cq5-author-4502.jar.', '', 0, 0, '2015-04-29 12:32:32'),
	(117, 30, 'It means that if CRX can authenticate a user with the CRXLoginModule, the user is authenticated successfully; else CRX uses the next login module.', '', 1, 0, '2015-04-29 12:32:32'),
	(118, 30, 'It means that if authentication fails with the CRXLoginModule, the complete authentication fails.', '', 0, 0, '2015-04-29 12:32:32'),
	(119, 30, 'It means that after logging in successfully, user credentials will be copied automatically to CRX.', '', 0, 0, '2015-04-29 12:32:33'),
	(120, 30, 'It means that the authentication will use a callback implementation.', '', 0, 0, '2015-04-29 12:32:33'),
	(121, 31, 'Display the list of all CQ components of node type cq:Component in the repository.', '', 0, 0, '2015-04-29 12:32:33'),
	(122, 31, 'A tool to create/edit/delete CQ components.', '', 0, 0, '2015-04-29 12:32:33'),
	(123, 31, 'It will create a report of all the pages that are using CQ Components in the repository.', '', 0, 0, '2015-04-29 12:32:33'),
	(124, 31, 'Allow you to Enable and/or Disable the various OSGi components.', '', 1, 0, '2015-04-29 12:32:33'),
	(125, 32, 'The time limit in milliseconds to save a batch of nodes to persistent storage in one transaction.', '', 0, 0, '2015-04-29 12:32:33'),
	(126, 32, 'The  approximate  number  of  nodes  in  a  batch  that  is  saved  to  persistent  storage  in  one transaction.', '', 1, 0, '2015-04-29 12:32:33'),
	(127, 32, 'The size in kilobytes to save a batch of nodes to persist storage in one transaction.', '', 0, 0, '2015-04-29 12:32:33'),
	(128, 32, 'The maximum size in kilobytes of a temporary snapshot.', '', 0, 0, '2015-04-29 12:32:33'),
	(129, 33, 'Search and delete the Java Class file from within /var/classes.', '', 1, 0, '2015-04-29 12:32:33'),
	(130, 33, 'Restart the CQ Servlet Engine.', '', 0, 0, '2015-04-29 12:32:33'),
	(131, 33, 'Add a query parameter in the page, which is using the JSP file.', '', 0, 0, '2015-04-29 12:32:33'),
	(132, 33, 'Restart the bundle Apache Sling Scripting JSP Support.', '', 0, 0, '2015-04-29 12:32:33'),
	(133, 34, 'Create a Reverse Replication Agent on the author instance.', '', 0, 0, '2015-04-29 12:32:33'),
	(134, 34, 'Set the Serialization Type property of the Default Agent to Dispatcher Flush.', '', 0, 0, '2015-04-29 12:32:33'),
	(135, 34, 'Create a new replication agent and set Transport URI to point to the Web server.', '', 0, 0, '2015-04-29 12:32:33'),
	(136, 34, 'Create a Dispatcher Flush Agent.', '', 1, 0, '2015-04-29 12:32:33'),
	(137, 35, 'User credentials of the same user sending and receiving the replication.', '', 0, 0, '2015-04-29 12:32:33'),
	(138, 35, 'User credentials of a user sending the replication.', '', 0, 0, '2015-04-29 12:32:33'),
	(139, 35, 'User credentials of a user receiving the replication.', '', 1, 0, '2015-04-29 12:32:34'),
	(140, 35, 'User credentials of a user with access rights to the pages being replicated.', '', 0, 0, '2015-04-29 12:32:34'),
	(141, 36, 'It is a provider that searches for nodes of type sling:osgiConfig.', '', 0, 0, '2015-04-29 12:32:34'),
	(142, 36, 'It is a service that scans the CRX repository for artifacts and provides them to the JCR installer.', '', 0, 0, '2015-04-29 12:32:34'),
	(143, 36, 'It is a central service for handling installs, updates and uninstall of artifacts.', '', 1, 0, '2015-04-29 12:32:34'),
	(144, 36, 'It is a service searching the CRX repository for folders named install.', '', 0, 0, '2015-04-29 12:32:34'),
	(145, 37, 'Request denied, because of rule 0001. The first rule that matches the request will be applied.', '', 0, 0, '2015-04-29 12:32:34'),
	(146, 37, 'Request served, because of rule 0002. The configuration can only be applied to the second level path.', '', 0, 0, '2015-04-29 12:32:34'),
	(147, 37, 'Request denied, because of rule 0003. The configuration with the closest match will be applied.', '', 0, 0, '2015-04-29 12:32:34'),
	(148, 37, 'Request accepted, because of rule 0004. The last configuration that matches the request will be applied.', '', 1, 0, '2015-04-29 12:32:34'),
	(149, 38, 'Enable the CQ Dispatcher only for requests to the / page.', '', 0, 0, '2015-04-29 12:32:34'),
	(150, 38, 'URL rewrite configuration directory for the CQ Dispatcher.', '', 0, 0, '2015-04-29 12:32:34'),
	(151, 38, 'Enable the CQ Dispatcher for all requests to the server.', '', 1, 0, '2015-04-29 12:32:34'),
	(152, 38, 'Define the name of the CQ Dispatcher configuration file.', '', 0, 0, '2015-04-29 12:32:34'),
	(153, 39, 'Create a folder within the component\'s folder, then assign nodeType   = nt:folder and name it \'widgets\'', '', 0, 0, '2015-04-29 12:32:34'),
	(154, 39, 'Create a folder of nodeType = nt:unstructured within your project folder and CQ will recognize it automatically', '', 0, 0, '2015-04-29 12:32:34'),
	(155, 39, 'Create a folder under your /etc/design, nodeType = nt:folder and name it \'widgets\'', '', 0, 0, '2015-04-29 12:32:34'),
	(156, 39, 'Create a folder under your project folder in /apps with the nodeType = cq:ClientLibraryFolder and set property sling:resourceType = widgets/clientlib', '', 1, 0, '2015-04-29 12:32:34'),
	(157, 40, '\'G\' flag to force the server to return a 410 Gone status with the response.', '', 0, 0, '2015-04-29 12:32:35'),
	(158, 40, '\'PT\' flag to send the original request through to processing pipeline for the Dispatcher to respond.', '', 1, 0, '2015-04-29 12:32:35'),
	(159, 40, '\'R\' flag to force all the requests to be redirected to the location specified in the rewrite rule.', '', 0, 0, '2015-04-29 12:32:35'),
	(160, 40, '\'T\' flag to set the MIME type for all the HTTP responses.', '', 0, 0, '2015-04-29 12:32:35'),
	(161, 41, 'Process Arguments.', '', 0, 0, '2015-04-29 12:32:35'),
	(162, 41, 'Timeout Handler.', '', 0, 0, '2015-04-29 12:32:35'),
	(163, 41, 'Timeout.', '', 0, 0, '2015-04-29 12:32:35'),
	(164, 41, 'Handler Advance.', '', 1, 0, '2015-04-29 12:32:35'),
	(165, 42, 'Add a property called debugClientLibs to the js.txt and set the value to true.', '', 0, 0, '2015-04-29 12:32:35'),
	(166, 42, 'Add a property called debug the client library root node and set the value to true.', '', 0, 0, '2015-04-29 12:32:35'),
	(167, 42, 'Add a query parameter to the URL called debugClientLibs with the value true.', '', 1, 0, '2015-04-29 12:32:35'),
	(168, 42, 'Specify an attribute called debug in the &lt;cq:includeClientLib&gt; tag and set the value to true.', '', 0, 0, '2015-04-29 12:32:35'),
	(169, 43, 'Add the query parameter ?json=true.', '', 0, 0, '2015-04-29 12:32:35'),
	(170, 43, 'Change the extension to .json.', '', 1, 0, '2015-04-29 12:32:35'),
	(171, 43, 'Add a selector json.', '', 0, 0, '2015-04-29 12:32:35'),
	(172, 43, 'Write custom code.', '', 0, 0, '2015-04-29 12:32:35'),
	(173, 44, 'Stores the defined packages in the CQ installation folder.', '', 0, 0, '2015-04-29 12:32:35'),
	(174, 44, 'Define packages that are copied into a .war file.', '', 0, 0, '2015-04-29 12:32:35'),
	(175, 44, 'Stores the defined packages as ZIP file for uploading to CRX.', '', 0, 0, '2015-04-29 12:32:35'),
	(176, 44, 'Define packages that can be imported by other bundles.', '', 1, 0, '2015-04-29 12:32:35'),
	(177, 45, 'Use PageManager.getPage(\'/content/news\') of the static PageManager class to instantiate a Page object and then iterate through the child pages', '', 0, 0, '2015-04-29 12:32:36'),
	(178, 45, 'Use the QueryBuilder to look for all children of /news and then iterate through the result set', '', 0, 0, '2015-04-29 12:32:36'),
	(179, 45, 'Instantiate a Node object with session.getNode(/content/news) and then iterate through the child nodes', '', 0, 0, '2015-04-29 12:32:36'),
	(180, 45, 'Use Sling\'s resourceResolver to adapt the request resource to a PageManager object, then use the getPage(/content/news) to instantiate a Page object and then iterate through the child pages', '', 1, 0, '2015-04-29 12:32:36'),
	(181, 46, 'Node nodeC = nodeB.copy(nodeA.getPath(), nodeA.getName());', '', 0, 0, '2015-04-29 12:32:36'),
	(182, 46, 'Node nodeC = nodeA.duplicate(nodeB.getPath());', '', 0, 0, '2015-04-29 12:32:36'),
	(183, 46, 'Node nodeC = com.day.cq.commons.jcr.JcrUtil.copy(nodeA, nodeB, nodeA.getName());', '', 1, 0, '2015-04-29 12:32:36'),
	(184, 46, 'Node nodeC = javax.jcr.session.copy(nodeA, nodeB, nodeA.getName());', '', 0, 0, '2015-04-29 12:32:36'),
	(185, 47, 'Website administration', '', 0, 0, '2015-04-29 12:32:36'),
	(186, 47, 'Apache Felix Web console', '', 1, 0, '2015-04-29 12:32:36'),
	(187, 47, 'CQ Servlet Engine console', '', 0, 0, '2015-04-29 12:32:36'),
	(188, 47, 'JCR Content Explorer', '', 0, 0, '2015-04-29 12:32:36'),
	(189, 48, 'If checked, this agent will notify the user about a successful replication from the author to a publish instance.', '', 0, 0, '2015-04-29 12:32:36'),
	(190, 48, 'If checked, this agent will perform a rollback of a failed replication from an author to a publish instance.', '', 0, 0, '2015-04-29 12:32:36'),
	(191, 48, 'If checked, this agent will be used to replicate user generated content from the publish to the author instance.', '', 1, 0, '2015-04-29 12:32:36'),
	(192, 48, 'If checked, this agent will be used to restore a previous version from another instance.', '', 0, 0, '2015-04-29 12:32:36'),
	(193, 49, 'The com.day.cq.workflow.exec.WorkflowProcess interface.', '', 1, 0, '2015-04-29 12:32:36'),
	(194, 49, 'The org.osgi.service.event.EventHandler interface.', '', 0, 0, '2015-04-29 12:32:36'),
	(195, 49, 'The com.day.cq.workflow.exec.JavaWorkflow interface.', '', 0, 0, '2015-04-29 12:32:36'),
	(196, 49, 'The com.day.cq.workflow.exec.WorkflowData interace.', '', 0, 0, '2015-04-29 12:32:36'),
	(197, 50, 'The complete cache is invalidated', '', 0, 0, '2015-04-29 12:32:37'),
	(198, 50, 'All cached .html files are physically deleted', '', 0, 0, '2015-04-29 12:32:37'),
	(199, 50, 'Only the cached .html files are invalidated', '', 1, 0, '2015-04-29 12:32:37'),
	(200, 50, 'Delete the cached file /mypage.html and create a new cached /mypage.html file', '', 0, 0, '2015-04-29 12:32:37'),
	(201, 51, 'Create and configure the /cq:editConfig/cq:inplaceEditing node under the component node.', '', 1, 0, '2015-04-29 12:32:37'),
	(202, 51, 'Create and configure the /cq:editConfig/cq:inplaceEditing node under the component\'s design dialog node.', '', 0, 0, '2015-04-29 12:32:37'),
	(203, 51, 'Create and configure the /cq:editConfig/cq:dropTargets node under the component node.', '', 0, 0, '2015-04-29 12:32:37'),
	(204, 51, 'Create and configure the /cq:editConfig/cq:inplaceEditing node under the component\'s default script node.', '', 0, 0, '2015-04-29 12:32:37'),
	(205, 52, 'foundation/components/textimage.', '', 1, 0, '2015-04-29 12:32:37'),
	(206, 52, 'libs/foundation/components/textimage.', '', 0, 0, '2015-04-29 12:32:37'),
	(207, 52, 'components/textimage.', '', 0, 0, '2015-04-29 12:32:37'),
	(208, 52, '/foundation/components/textimage.', '', 0, 0, '2015-04-29 12:32:37'),
	(209, 53, 'CRXDE Lite', '', 0, 0, '2015-04-29 12:32:37'),
	(210, 53, 'CQSE Admin Console', '', 0, 0, '2015-04-29 12:32:37'),
	(211, 53, 'Apache Felix Web Console', '', 1, 0, '2015-04-29 12:32:37'),
	(212, 53, 'CQ User Administration Console', '', 0, 0, '2015-04-29 12:32:37'),
	(213, 54, 'Use the WCM console to copy and paste from /en.', '', 0, 0, '2015-04-29 12:32:37'),
	(214, 54, 'Use the Language Copy tool.', '', 1, 0, '2015-04-29 12:32:37'),
	(215, 54, 'Create  a  workflow  with  a  custom  process  step  that  creates  the  according  language  pages whenever you create a new /en page.', '', 0, 0, '2015-04-29 12:32:37'),
	(216, 54, 'Create and download a CQ package containing the /en site. Open the zip file and rename the /en folder to /fr or /de, then reinstall the package.', '', 0, 0, '2015-04-29 12:32:37'),
	(217, 55, 'Go to the Felix Web OSGi Console, stop and then start the bundle.', '', 0, 0, '2015-04-29 12:32:38'),
	(218, 55, 'Restart the CQ instance.', '', 0, 0, '2015-04-29 12:32:38'),
	(219, 55, 'Go to the Felix Web OSGi Console and re-activate the bundle.', '', 0, 0, '2015-04-29 12:32:38'),
	(220, 55, 'Nothing. Changes are automatically applied.', '', 1, 0, '2015-04-29 12:32:38'),
	(221, 56, 'cq:allowedParents', '', 0, 0, '2015-04-29 12:32:38'),
	(222, 56, 'cq:allowedChildren', '', 0, 0, '2015-04-29 12:32:38'),
	(223, 56, 'cq:allowedPaths', '', 0, 0, '2015-04-29 12:32:38'),
	(224, 56, 'cq:allowedTemplates', '', 1, 0, '2015-04-29 12:32:38'),
	(225, 57, 'Upload the cq-quickstart.jar file to the Felix Console and start the Jar file.', '', 0, 0, '2015-04-29 12:32:38'),
	(226, 57, 'Start cq-quickstart .jar file within the Application Server.', '', 0, 0, '2015-04-29 12:32:38'),
	(227, 57, 'Upload and install cq.war file to the Application Server.', '', 0, 0, '2015-04-29 12:32:38'),
	(228, 57, 'Install CQ using content packages.', '', 1, 0, '2015-04-29 12:32:38'),
	(229, 58, 'It stores the date for the last configuration.', '', 0, 0, '2015-04-29 12:32:38'),
	(230, 58, 'It stores all the versions of the entire configuration for a service.', '', 0, 0, '2015-04-29 12:32:38'),
	(231, 58, 'It generates a new PID every time the configuration of the services changes.', '', 0, 0, '2015-04-29 12:32:38'),
	(232, 58, 'It associates the service configuration data with PIDs.', '', 1, 0, '2015-04-29 12:32:38'),
	(233, 59, 'Add a new jcr:primaryType value to the Node.', '', 0, 0, '2015-04-29 12:32:38'),
	(234, 59, 'Invoke the Node\'s addMixin() method passing the name of a mixin.', '', 1, 0, '2015-04-29 12:32:38'),
	(235, 59, 'Replace current jcr:primaryType with jcr:mixinType.', '', 0, 0, '2015-04-29 12:32:39'),
	(236, 59, 'Add a new nt:base Node type to the Node.', '', 0, 0, '2015-04-29 12:32:39'),
	(237, 60, 'None. You can install and activate any java package in an OSGI container', '', 0, 0, '2015-04-29 12:32:39'),
	(238, 60, 'A jar file cannot be inside an OSGI Bundle', '', 0, 0, '2015-04-29 12:32:39'),
	(239, 60, 'The bundle contains extra metadata defined in a MANIFEST.MF file', '', 1, 0, '2015-04-29 12:32:39'),
	(240, 60, 'The bundle package structure is completely different than the one of a .jar file', '', 0, 0, '2015-04-29 12:32:39'),
	(241, 61, 'All folders under the install folder.', '', 0, 0, '2015-04-29 12:32:39'),
	(242, 61, 'All folders under the install folder that are named author.', '', 0, 0, '2015-04-29 12:32:39'),
	(243, 61, 'All folders named install.author.', '', 1, 0, '2015-04-29 12:32:39'),
	(244, 61, 'The folder runmodes.author.', '', 0, 0, '2015-04-29 12:32:39'),
	(245, 62, 'The logged userId is \'userA\'', '', 0, 0, '2015-04-29 12:32:39'),
	(246, 62, 'The logged userId is \'userB\'', '', 1, 0, '2015-04-29 12:32:39'),
	(247, 62, 'The logged userId is \'userA on behalf of userB\'', '', 0, 0, '2015-04-29 12:32:39'),
	(248, 62, 'The logged userId is \'userB impersonated by userA\'', '', 0, 0, '2015-04-29 12:32:39'),
	(249, 63, 'NO difference. Request 1 and request 2 both get cached', '', 0, 0, '2015-04-29 12:32:39'),
	(250, 63, 'request 1 gets cached, request 2 does not get cached', '', 1, 0, '2015-04-29 12:32:39'),
	(251, 63, 'request 2 gets cached, request 1 does not get cached', '', 0, 0, '2015-04-29 12:32:39'),
	(252, 63, 'NO difference. Neither request 1 nor request 2 get cached', '', 0, 0, '2015-04-29 12:32:39'),
	(253, 64, 'It means that there is an error in the permission setting.', '', 0, 0, '2015-04-29 12:32:40'),
	(254, 64, 'It means that this permission is inherited from the parent node.', '', 0, 0, '2015-04-29 12:32:40'),
	(255, 64, 'It means that there is at least one entry that currently has no effect.', '', 1, 0, '2015-04-29 12:32:40'),
	(256, 64, 'It means that you do not have permissions to modify this checkbox.', '', 0, 0, '2015-04-29 12:32:40'),
	(257, 65, 'The Activator class to notify start and stop events', '', 0, 0, '2015-04-29 12:32:40'),
	(258, 65, 'Extra metadata about the bundle used by the CRXDE build process.', '', 1, 0, '2015-04-29 12:32:40'),
	(259, 65, 'The list of all classes inside the bundle', '', 0, 0, '2015-04-29 12:32:40'),
	(260, 65, 'The compilation and deployment steps of the bundle', '', 0, 0, '2015-04-29 12:32:40'),
	(261, 66, 'To the CRX /var/config/ path.', '', 0, 0, '2015-04-29 12:32:40'),
	(262, 66, 'Under &lt;cq-installation-dir&gt;/crx-quickstart/launchpad/config/.', '', 1, 0, '2015-04-29 12:32:40'),
	(263, 66, 'The new configuration is only kept at runtime.', '', 0, 0, '2015-04-29 12:32:40'),
	(264, 66, 'In an internal SQLite DB used by the Apache Felix Web OSGi Console.', '', 0, 0, '2015-04-29 12:32:40'),
	(265, 67, 'event.type', '', 0, 0, '2015-04-29 12:32:40'),
	(266, 67, 'event.name', '', 0, 0, '2015-04-29 12:32:40'),
	(267, 67, 'event.title', '', 0, 0, '2015-04-29 12:32:40'),
	(268, 67, 'event.topic', '', 1, 0, '2015-04-29 12:32:40'),
	(269, 68, 'browsedialog.', '', 0, 0, '2015-04-29 12:32:40'),
	(270, 68, 'tabpanel.', '', 0, 0, '2015-04-29 12:32:40'),
	(271, 68, 'cqinclude.', '', 1, 0, '2015-04-29 12:32:40'),
	(272, 68, 'referencesdialog.', '', 0, 0, '2015-04-29 12:32:40'),
	(273, 69, 'With the Replicator method replicateToAgent().', '', 0, 0, '2015-04-29 12:32:41'),
	(274, 69, 'The object ReplicationOptions contains a method replicateToAgent and you need to pass the ReplicationOptions object as a parameter to the replicate() method of the Replicator class.', '', 0, 0, '2015-04-29 12:32:41'),
	(275, 69, 'You need to create a Filter in the ReplicatorOptions object and set the agent that will replicate. Then you pass the ReplicatorOptions object to the replicate() method of the Replicator class.', '', 1, 0, '2015-04-29 12:32:41'),
	(276, 69, 'You cannot replicate to a specific Agent.', '', 0, 0, '2015-04-29 12:32:41'),
	(277, 70, '&lt;cq-installation-dir&gt;/crx-quickstart/launchpad/config/* on the local file system', '', 0, 0, '2015-04-29 12:32:41'),
	(278, 70, '/apps/*/config/*', '', 1, 0, '2015-04-29 12:32:41'),
	(279, 70, '/libs/*/config/*', '', 0, 0, '2015-04-29 12:32:41'),
	(280, 70, '/etc/design/config/*', '', 0, 0, '2015-04-29 12:32:41'),
	(281, 71, 'String data = properties.get(propertyName,\'\');', '', 0, 0, '2015-04-29 12:32:41'),
	(282, 71, 'String data = currentNode.getStyleProperty(propertyName,\'\');', '', 0, 0, '2015-04-29 12:32:41'),
	(283, 71, 'String data = currentPage.getStyleProperty(propertyName,\'\');', '', 0, 0, '2015-04-29 12:32:41'),
	(284, 71, 'String data = currentStyle.get(propertyName,\'\');', '', 1, 0, '2015-04-29 12:32:41'),
	(285, 72, 'Yes, because the allowedChildren property has precedence over cq:allowedTemplates.', '', 0, 0, '2015-04-29 12:32:41'),
	(286, 72, 'No, tempB needs to be added to the property cq:allowedTemplates of pageA to accomplish that.', '', 1, 0, '2015-04-29 12:32:41'),
	(287, 72, 'No, tempA needs to be added to the property allowedParents of tempB to accomplish that.', '', 0, 0, '2015-04-29 12:32:41'),
	(288, 72, 'Yes, because property allowedChildren is checked only if property allowedParents is present.', '', 0, 0, '2015-04-29 12:32:41'),
	(289, 73, 'None. An exception is thrown because the path doesn\'t exist.', '', 1, 0, '2015-04-29 12:32:41'),
	(290, 73, 'The parent pages will be created but no template will be assigned.', '', 0, 0, '2015-04-29 12:32:41'),
	(291, 73, 'The parent pages will be created with the same template as defined for the new page.', '', 0, 0, '2015-04-29 12:32:41'),
	(292, 73, 'None. Nodes of node type cq:Page are created for the parent path.', '', 0, 0, '2015-04-29 12:32:41'),
	(293, 74, 'Sidekick is expanded and minimized respectively', '', 0, 0, '2015-04-29 12:32:42'),
	(294, 74, 'In Design mode authors can enter content to modify the design of the page', '', 0, 0, '2015-04-29 12:32:42'),
	(295, 74, 'Content edited in Edit mode is saved to the current page, content edited in Design mode is saved to the design settings assigned to the current page', '', 1, 0, '2015-04-29 12:32:42'),
	(296, 74, 'The Edit mode is mainly used by regular authors while the Design mode is mainly used by super authors', '', 0, 0, '2015-04-29 12:32:42'),
	(297, 75, 'start(), execute(), end().', '', 0, 0, '2015-04-29 12:32:42'),
	(298, 75, 'start(), process(), end().', '', 0, 0, '2015-04-29 12:32:42'),
	(299, 75, 'execute().', '', 1, 0, '2015-04-29 12:32:42'),
	(300, 75, 'process().', '', 0, 0, '2015-04-29 12:32:42'),
	(301, 76, 'You have to create two dispatcher.any configuration files one for each hostname and include the two file paths to the httpd.conf file.', '', 0, 0, '2015-04-29 12:32:42'),
	(302, 76, 'You have to create a port forwarding configuration in the httpd.conf file to handle the two hostnames.', '', 0, 0, '2015-04-29 12:32:42'),
	(303, 76, 'You have to create two VirtualHost entries and in each entry specify the rewrite rule to each site structure for each host.', '', 1, 0, '2015-04-29 12:32:42'),
	(304, 76, 'You have to load  the Dispatcher module twice in the httpd.conf and name it with the  two hostnames that you want to use.', '', 0, 0, '2015-04-29 12:32:42'),
	(305, 77, 'Remove the WebDAV bundle from the Apache Felix Web OSGI console', '', 0, 0, '2015-04-29 12:32:42'),
	(306, 77, 'In the CRX User Management Console disable the WebDAV user group', '', 0, 0, '2015-04-29 12:32:42'),
	(307, 77, 'Comment according servlet mappings in web.xml and stop the WebDAV bundle in the Apache Felix Web OSGi console', '', 1, 0, '2015-04-29 12:32:42'),
	(308, 77, 'Start CQ with java -jar cq-publish-4503.jar -nobrowser -nowebdav', '', 0, 0, '2015-04-29 12:32:42'),
	(309, 78, 'It provides a set of tools and APIs to create, package and delete OSGi bundles.', '', 0, 0, '2015-04-29 12:32:42'),
	(310, 78, 'It provides a GUI tool to edit all the OSGi bundles.', '', 0, 0, '2015-04-29 12:32:42'),
	(311, 78, 'It provides tools to manage the access permissions of OSGi bundles.', '', 0, 0, '2015-04-29 12:32:42'),
	(312, 78, 'It allows for the management of configuration information.', '', 1, 0, '2015-04-29 12:32:42'),
	(313, 79, '/&lt;pathToStoredComponent&gt;.html?run=imageScript&value=parameter1 .', '', 0, 0, '2015-04-29 12:32:43'),
	(314, 79, '/&lt;pathToStoredComponent&gt;.parameter1.imageScript.jpg .', '', 1, 0, '2015-04-29 12:32:43'),
	(315, 79, '/&lt;pathToStoredComponent&gt;.imageScript.html?render=jpg&value=parameter1.', '', 0, 0, '2015-04-29 12:32:43'),
	(316, 79, '/&lt;pathToStoredComponent&gt;.imageScript.jpg?value=parameter1.', '', 0, 0, '2015-04-29 12:32:43'),
	(317, 80, 'slingRequest.getWCMMode();', '', 0, 0, '2015-04-29 12:32:43'),
	(318, 80, 'WCMMode.fromRequest(request);', '', 1, 0, '2015-04-29 12:32:43'),
	(319, 80, 'JCRUtil.fromRequest(request);', '', 0, 0, '2015-04-29 12:32:43'),
	(320, 80, 'componentContext.getWCMMode();', '', 0, 0, '2015-04-29 12:32:43'),
	(321, 81, 'Simple Versioning requires mix:simpleVersionable node type and Full Versioning requiresmix:versionable node type.', '', 0, 0, '2015-04-29 12:32:43'),
	(322, 81, 'Simple Versioning only versions some system-specific properties. With Full Versioning all properties are versioned.', '', 0, 0, '2015-04-29 12:32:43'),
	(323, 81, 'Both are the same and there is no difference other than the name of the mixin type.', '', 0, 0, '2015-04-29 12:32:43'),
	(324, 81, 'Under Simple Versioning versions are added as direct successors of the previous version. Under Full Versioning a new version can be added as a direct successor of a version that already has another di', 'Explanation:In Simple Versioning at most one node is create for versioning  and in Full Versioning more the one node is created for versioning .', 1, 0, '2015-04-29 12:32:43'),
	(325, 82, 'Participant step.', '', 0, 0, '2015-04-29 12:32:43'),
	(326, 82, 'Process step.', '', 1, 0, '2015-04-29 12:32:43'),
	(327, 82, 'Container step.', '', 0, 0, '2015-04-29 12:32:43'),
	(328, 82, 'Split step.', '', 0, 0, '2015-04-29 12:32:43'),
	(329, 83, 'Add the parameter wcmmode=preview to the URL.', 'Explanation:Available mode in CQ are edit,preview,design and disabled. ', 1, 0, '2015-04-29 12:32:43'),
	(330, 83, 'Add the parameter request=preview to the URL.', '', 0, 0, '2015-04-29 12:32:43'),
	(331, 83, 'Add the selector preview as the fist selector in the URL.', '', 0, 0, '2015-04-29 12:32:43'),
	(332, 83, 'Add the suffix preview to the URL.', '', 0, 0, '2015-04-29 12:32:44'),
	(333, 84, 'print.html.jsp', 'Explanation: Extension take priority than selector.  ', 1, 0, '2015-04-29 12:32:44'),
	(334, 84, 'a4.html.jsp', '', 0, 0, '2015-04-29 12:32:44'),
	(335, 84, 'print.a4.jsp', '', 0, 0, '2015-04-29 12:32:44'),
	(336, 84, 'a4.jsp', '', 0, 0, '2015-04-29 12:32:44'),
	(337, 85, 'jcrSession.getRootNode();', '', 1, 0, '2015-04-29 12:32:44'),
	(338, 85, 'node.getRootNode();', '', 0, 0, '2015-04-29 12:32:44'),
	(339, 85, 'slingRequest.getPath(\'/\');', '', 0, 0, '2015-04-29 12:32:44'),
	(340, 85, 'com.day.cq.commons.jcr.JcrUtil.getNode (\'/\');', '', 0, 0, '2015-04-29 12:32:44'),
	(341, 86, 'OSGi Installer tab.', '', 0, 0, '2015-04-29 12:32:44'),
	(342, 86, 'Bundles tab.', '', 1, 0, '2015-04-29 12:32:44'),
	(343, 86, 'Services tab.', '', 0, 0, '2015-04-29 12:32:44'),
	(344, 86, 'Components tab.', '', 0, 0, '2015-04-29 12:32:44'),
	(345, 87, 'Select the Bundles tab &gt; check that your bundle is listed &gt; check that the status is Active.', '', 1, 0, '2015-04-29 12:32:44'),
	(346, 87, 'Select the Configuration Status tab &gt; then Bundles tab &gt; check that your OSGi component is listed.', '', 0, 0, '2015-04-29 12:32:44'),
	(347, 87, 'Select the Components tab &gt; check that your bundle is listed &gt; check that the status is Active.', '', 0, 0, '2015-04-29 12:32:44'),
	(348, 87, 'Select the Services tab &gt; check that your OSGi component is listed &gt; check that the status is Active.', '', 0, 0, '2015-04-29 12:32:44'),
	(349, 88, 'resourceResolver.adaptTo(ValueMap.class)', '', 0, 0, '2015-04-29 12:32:44'),
	(350, 88, 'resource.adaptTo(ValueMap.class)', '', 1, 0, '2015-04-29 12:32:44'),
	(351, 88, 'currentNode.getValueMap()', '', 0, 0, '2015-04-29 12:32:44'),
	(352, 88, 'currentPage.getValueMap()', '', 0, 0, '2015-04-29 12:32:44'),
	(353, 89, 'Dcom.day.crx.core.CRXUserManagerImpl=crxquickstart/server/etc/ldap_login.conf', '', 0, 0, '2015-04-29 12:32:45'),
	(354, 89, 'Djava.security.auth.login.config=crx-quickstart/server/etc/ldap_login.conf', '', 1, 0, '2015-04-29 12:32:45'),
	(355, 89, 'Dcom.day.crx.security.ldap.LDAPLoginModule=required', '', 0, 0, '2015-04-29 12:32:45'),
	(356, 89, 'Dcom.day.crx.security.ldap.principals.LDAPPrincipalProvider=crxquickstart/ server/etc/ldap_login.conf', '', 0, 0, '2015-04-29 12:32:45'),
	(357, 90, 'Add a property called \'run_mode\' to the node sling:OsgiConfig and assign it the value \'author\'.', '', 0, 0, '2015-04-29 12:32:45'),
	(358, 90, 'Use the CRX browser to create a folder in /apps/myproject called \'author\' and then create a new node and select \'nt:unstructured\' as the node type.', '', 0, 0, '2015-04-29 12:32:45'),
	(359, 90, 'Use the CRX browser to create a folder in /apps/myproject called \'author\' and then create a new node and select \'sling:OsgiConfig\' as the node type.', '', 0, 0, '2015-04-29 12:32:45'),
	(360, 90, 'Use the CRX browser to create a folder in /apps/myproject called \'config.author\' and then create a new node and select \'sling:OsgiConfig\' as the node type', '', 1, 0, '2015-04-29 12:32:45'),
	(361, 91, 'In the content page within the workflow step.', '', 1, 0, '2015-04-29 12:32:45'),
	(362, 91, 'In the Workflow Model.', '', 0, 0, '2015-04-29 12:32:45'),
	(363, 91, 'In the Workflow Instance.', '', 0, 0, '2015-04-29 12:32:45'),
	(364, 91, 'In the design page.', '', 0, 0, '2015-04-29 12:32:45'),
	(365, 92, 'resolve().', '', 1, 0, '2015-04-29 12:32:45'),
	(366, 92, 'getResource().', '', 0, 0, '2015-04-29 12:32:45'),
	(367, 92, 'map().', '', 0, 0, '2015-04-29 12:32:45'),
	(368, 92, 'getSearchPath().', '', 0, 0, '2015-04-29 12:32:46'),
	(369, 93, 'It uses the new bundle only if it has a higher version.', '', 1, 0, '2015-04-29 12:32:46'),
	(370, 93, 'Stops the current bundle and allows the user to select which one to start.', '', 0, 0, '2015-04-29 12:32:46'),
	(371, 93, 'Keep the old one and write an error to the log file.', '', 0, 0, '2015-04-29 12:32:46'),
	(372, 93, 'The previous bundle is replaced by the last provided bundle.', '', 0, 0, '2015-04-29 12:32:46'),
	(373, 94, 'Create a dialog in the component folder and set the dialog\'s xtype property to desingDialog', '', 0, 0, '2015-04-29 12:32:46'),
	(374, 94, 'Create a dialog in the component folder and name it design_dialog.', '', 1, 0, '2015-04-29 12:32:46'),
	(375, 94, 'Create the same component path structure under the design page and create the dialog there.', '', 0, 0, '2015-04-29 12:32:46'),
	(376, 94, 'Create a node under the component\'s dialog node and set the xtype property to designDialog.', '', 0, 0, '2015-04-29 12:32:46'),
	(377, 95, 'Set a property in component B called sling:resourceSuperType with the path to component A and omit the default script in component B ', '', 1, 0, '2015-04-29 12:32:46'),
	(378, 95, 'Set a property in component B called sling:resourceSuperType with the path to component A and create an empty default script in component B ', '', 0, 0, '2015-04-29 12:32:46'),
	(379, 95, 'Set a property in component B called sling:resourceSuperType with the path to component A and include the default script of component A in the default script in component B ', '', 0, 0, '2015-04-29 12:32:46'),
	(380, 95, 'Copy the default script from component A into component B', '', 0, 0, '2015-04-29 12:32:46'),
	(381, 96, 'The value to be stored ', '', 0, 0, '2015-04-29 12:32:46'),
	(382, 96, 'A Node or a Property ', 'Explanation: Item is super of Node.  ', 1, 0, '2015-04-29 12:32:46'),
	(383, 96, 'The UUID of Node', '', 0, 0, '2015-04-29 12:32:46'),
	(384, 96, 'The path to a Node', '', 0, 0, '2015-04-29 12:32:46'),
	(385, 97, 'Privileges to access the JCR workspace. ', '', 1, 0, '2015-04-29 12:32:46'),
	(386, 97, 'Permissions to access the JCR repository. ', '', 0, 0, '2015-04-29 12:32:46'),
	(387, 97, 'Capabilities to traverse the JCR repository.', '', 0, 0, '2015-04-29 12:32:46'),
	(388, 97, 'A list of node locks in the JCR workspace.', '', 0, 0, '2015-04-29 12:32:47'),
	(389, 98, 'node.removeProperty(\'propertyName\'); ', '', 0, 0, '2015-04-29 12:32:47'),
	(390, 98, 'String propertyA = \'\'; node.setProperty(\'propertyName\', propertyA); ', '', 0, 0, '2015-04-29 12:32:47'),
	(391, 98, 'String propertyA = null; node.setProperty(\'propertyName\', propertyA);', 'Explanation: Delete a property using node.getProperty(\'propertyName\').remove();', 1, 0, '2015-04-29 12:32:47'),
	(392, 98, 'node.delete(\'propertyName\');', '', 0, 0, '2015-04-29 12:32:47'),
	(393, 99, 'Append \'-factory\' to the configuration node name.', '', 0, 0, '2015-04-29 12:32:47'),
	(394, 99, 'Start the node name with \'config-\' and end it with \'-\'. ', '', 0, 0, '2015-04-29 12:32:47'),
	(395, 99, 'Append \'-\' to the name, where identifier can be any unique name. ', '', 1, 0, '2015-04-29 12:32:47'),
	(396, 99, 'Start the node name with \'factory-\'.', '', 0, 0, '2015-04-29 12:32:47'),
	(397, 100, 'WorkItem. ', '', 0, 0, '2015-04-29 12:32:47'),
	(398, 100, 'Transaction.', '', 0, 0, '2015-04-29 12:32:47'),
	(399, 100, 'Lifecycle.', '', 0, 0, '2015-04-29 12:32:47'),
	(400, 100, 'Payload.', '', 1, 0, '2015-04-29 12:32:47'),
	(401, 101, 'As part of the page. ', '', 1, 0, '2015-04-29 12:32:47'),
	(402, 101, 'As part of the workflow model. ', '', 0, 0, '2015-04-29 12:32:47'),
	(403, 101, 'As part of the workflow instance. ', '', 0, 0, '2015-04-29 12:32:47'),
	(404, 101, 'As part of the design.', '', 0, 0, '2015-04-29 12:32:47'),
	(405, 102, 'To easily find client libraries when the user searches categories in the author environment. ', '', 0, 0, '2015-04-29 12:32:47'),
	(406, 102, 'To uniquely name a group of client libraries to be included in templates or components and to reference dependencies to other client libraries. ', '', 1, 0, '2015-04-29 12:32:47'),
	(407, 102, 'To link the categories name with the component name, so that the client library can be included automatically into the component. ', '', 0, 0, '2015-04-29 12:32:48'),
	(408, 102, 'To define the type of files that the client library contains, e.g. JavaScript and/or CSS.', '', 0, 0, '2015-04-29 12:32:48'),
	(409, 103, 'Add one or more users that are allowed to take over all permissions from the current user. ', '', 0, 0, '2015-04-29 12:32:48'),
	(410, 103, 'Add one or more users that are inheriting the permissions from the current user. ', '', 0, 0, '2015-04-29 12:32:48'),
	(411, 103, 'Add one or more users that can act on the behalf of the current user. ', '', 1, 0, '2015-04-29 12:32:48'),
	(412, 103, 'Add one or more users that the current user can act on their behalf.', '', 0, 0, '2015-04-29 12:32:48'),
	(413, 104, 'Any .config files from /crx-quickstart/launchpad/config/* on the local file system.', '', 0, 0, '2015-04-29 12:32:48'),
	(414, 104, 'Repository nodes with type sling:OsgiConfig under /libs/*/install.', '', 0, 0, '2015-04-29 12:32:48'),
	(415, 104, 'Repository nodes with type sling:OsgiConfig under /apps/*/config. ', '', 1, 0, '2015-04-29 12:32:48'),
	(416, 104, 'Repository nodes with type sling:OsgiConfig under /libs/*/config.', '', 0, 0, '2015-04-29 12:32:48'),
	(417, 105, 'Authenticator tab. ', '', 0, 0, '2015-04-29 12:32:48'),
	(418, 105, 'CRX Login Tokens tab. ', '', 1, 0, '2015-04-29 12:32:48'),
	(419, 105, 'Recent Request tab. ', '', 0, 0, '2015-04-29 12:32:48'),
	(420, 105, 'System Information tab.', '', 0, 0, '2015-04-29 12:32:48'),
	(421, 106, 'After the regular expression property in the cq:Widget element, add a new property, name it regex and enter the error message in quotes. ', '', 0, 0, '2015-04-29 12:32:48'),
	(422, 106, 'Add a property to the cq:Widget element, name it regexText and enter the error message. ', '', 1, 0, '2015-04-29 12:32:48'),
	(423, 106, 'Create a node under the cq:Widget element, name it options, then create a property called error Message and enter the error message. ', '', 0, 0, '2015-04-29 12:32:48'),
	(424, 106, 'Create a node under the cqWidget element and name it errorMessage. Create a property called text and enter the error message. ', '', 0, 0, '2015-04-29 12:32:48'),
	(425, 107, 'Create a dialog in the page-componet folder referenced by the template definition via sling:resourceType and name it \'dialog\'', '', 1, 0, '2015-04-29 12:32:48'),
	(426, 107, 'Create a dialog in the template definition node and name it pageProperties.', '', 0, 0, '2015-04-29 12:32:48'),
	(427, 107, 'Create the dialog in template definition node, name it \'dialog\' and add a property xtype with the values pageProperties.', '', 0, 0, '2015-04-29 12:32:49'),
	(428, 107, 'Create the dialog in the foundation\'s page-component node and name it the same as your template definition.', '', 0, 0, '2015-04-29 12:32:49'),
	(429, 108, 'To define a selected group of authors with special authoring permissions', '', 0, 0, '2015-04-29 12:32:49'),
	(430, 108, 'To define one or more Web pages on the publish instance accessible only by members of the closed group.', '', 1, 0, '2015-04-29 12:32:49'),
	(431, 108, 'To define a group of users and assign them admin rights to manage workflow.', '', 0, 0, '2015-04-29 12:32:49'),
	(432, 108, 'To define a group of users that have special privileges to do system support', '', 0, 0, '2015-04-29 12:32:49'),
	(433, 109, 'To avoid caching the response in the Web server.', '', 0, 0, '2015-04-29 12:32:49'),
	(434, 109, 'To enable the response to be cached in the Web server.', '', 1, 0, '2015-04-29 12:32:49'),
	(435, 109, 'To avoid creating a session object in the application server.', '', 0, 0, '2015-04-29 12:32:49'),
	(436, 109, 'To improve security.', '', 0, 0, '2015-04-29 12:32:49'),
	(437, 110, 'Celeste', '', 1, 0, '2015-05-20 10:24:39'),
	(438, 110, 'Azul', '', 0, 0, '2015-05-20 10:24:39'),
	(439, 110, 'Negro', '', 0, 0, '2015-05-20 10:24:39'),
	(440, 110, 'Gris', '', 0, 0, '2015-05-20 10:24:39'),
	(441, 111, 'Amarillo', '', 1, 0, '2015-05-20 10:24:39'),
	(442, 111, 'Naranja', '', 0, 0, '2015-05-20 10:24:39'),
	(443, 111, 'Rojo', '', 0, 0, '2015-05-20 10:24:39'),
	(444, 111, 'Bordo', '', 0, 0, '2015-05-20 10:24:39'),
	(445, 112, 'Marron', '', 1, 0, '2015-05-20 10:24:39'),
	(446, 112, 'Negro', '', 0, 0, '2015-05-20 10:24:39'),
	(447, 112, 'Gris', '', 0, 0, '2015-05-20 10:24:39'),
	(448, 112, 'Naranja', '', 0, 0, '2015-05-20 10:24:39'),
	(449, 113, 'Incolora', '', 1, 0, '2015-05-20 10:24:39'),
	(450, 113, 'Celeste', '', 0, 0, '2015-05-20 10:24:39'),
	(451, 113, 'Blanca', '', 0, 0, '2015-05-20 10:24:39'),
	(452, 113, 'Verde', '', 0, 0, '2015-05-20 10:24:39'),
	(453, 114, 'Verde', '', 1, 0, '2015-05-20 10:24:39'),
	(454, 114, 'Marron', '', 0, 0, '2015-05-20 10:24:40'),
	(455, 114, 'Violeta', '', 0, 0, '2015-05-20 10:24:40'),
	(456, 114, 'Azul', '', 0, 0, '2015-05-20 10:24:40'),
	(457, 115, 'Marron', '', 1, 0, '2015-05-20 10:24:40'),
	(458, 115, 'Lila', '', 0, 0, '2015-05-20 10:24:40'),
	(459, 115, 'Azul', '', 0, 0, '2015-05-20 10:24:40'),
	(460, 115, 'Roja', '', 0, 0, '2015-05-20 10:24:40'),
	(461, 116, 'Marron', '', 1, 0, '2015-05-20 10:24:40'),
	(462, 116, 'Amarillo', '', 0, 0, '2015-05-20 10:24:40'),
	(463, 116, 'Rojo', '', 0, 0, '2015-05-20 10:24:40'),
	(464, 116, 'Naranja', '', 0, 0, '2015-05-20 10:24:40'),
	(465, 117, 'Gris', '', 1, 0, '2015-05-20 10:24:40'),
	(466, 117, 'Blanco', '', 0, 0, '2015-05-20 10:24:40'),
	(467, 117, 'Negro', '', 0, 0, '2015-05-20 10:24:40'),
	(468, 117, 'Rojo', '', 0, 0, '2015-05-20 10:24:40'),
	(469, 118, 'Gris', '', 1, 0, '2015-05-20 10:24:40'),
	(470, 118, 'Negro', '', 0, 0, '2015-05-20 10:24:40'),
	(471, 118, 'Blanco', '', 0, 0, '2015-05-20 10:24:40'),
	(472, 118, 'Rosa', '', 0, 0, '2015-05-20 10:24:40'),
	(473, 119, 'Naranja', '', 1, 0, '2015-05-20 10:24:40'),
	(474, 119, 'Azul', '', 0, 0, '2015-05-20 10:24:40'),
	(475, 119, 'Rojo', '', 0, 0, '2015-05-20 10:24:40'),
	(476, 119, 'Bordo', '', 0, 0, '2015-05-20 10:24:41'),
	(477, 120, 'Toresani', '', 1, 0, '2015-05-20 10:37:55'),
	(478, 120, 'Ortega', '', 0, 0, '2015-05-20 10:37:55'),
	(479, 120, 'Romagnoli', '', 0, 0, '2015-05-20 10:37:55'),
	(480, 120, 'Francescoli', '', 0, 0, '2015-05-20 10:37:55'),
	(481, 121, 'Rambert', '', 1, 0, '2015-05-20 10:37:55'),
	(482, 121, 'Ibarra', '', 0, 0, '2015-05-20 10:37:56'),
	(483, 121, 'Arruabarrena', '', 0, 0, '2015-05-20 10:37:56'),
	(484, 121, 'Mondragon', '', 0, 0, '2015-05-20 10:37:56'),
	(485, 122, 'Acosta', '', 1, 0, '2015-05-20 10:37:56'),
	(486, 122, 'Castro', '', 0, 0, '2015-05-20 10:37:56'),
	(487, 122, 'Robinho', '', 0, 0, '2015-05-20 10:37:56'),
	(488, 122, 'Maradona', '', 0, 0, '2015-05-20 10:37:56'),
	(489, 123, 'Milito', '', 1, 0, '2015-05-20 10:37:56'),
	(490, 123, 'Cambiasso', '', 0, 0, '2015-05-20 10:37:56'),
	(491, 123, 'Gatti', '', 0, 0, '2015-05-20 10:37:56'),
	(492, 123, 'Comizo', '', 0, 0, '2015-05-20 10:37:56'),
	(493, 124, 'Casini', '', 1, 0, '2015-05-20 10:37:56'),
	(494, 124, 'Cagna', '', 0, 0, '2015-05-20 10:37:56'),
	(495, 124, 'Serna', '', 0, 0, '2015-05-20 10:37:56'),
	(496, 124, 'Perez', '', 0, 0, '2015-05-20 10:37:56'),
	(497, 125, 'Ronaldinho', '', 1, 0, '2015-05-20 10:37:56'),
	(498, 125, 'Cristiano', '', 0, 0, '2015-05-20 10:37:56'),
	(499, 125, 'Aguero', '', 0, 0, '2015-05-20 10:37:56'),
	(500, 125, 'Tevez', '', 0, 0, '2015-05-20 10:37:56'),
	(501, 126, 'Raul', '', 1, 0, '2015-05-20 10:37:57'),
	(502, 126, 'Palermo', '', 0, 0, '2015-05-20 10:37:57'),
	(503, 126, 'Sosa', '', 0, 0, '2015-05-20 10:37:57'),
	(504, 126, 'Biaggio', '', 0, 0, '2015-05-20 10:37:57'),
	(505, 127, 'Tevez', '', 1, 0, '2015-05-20 10:37:57'),
	(506, 127, 'Romeo', '', 0, 0, '2015-05-20 10:37:57'),
	(507, 127, 'Rodriguez', '', 0, 0, '2015-05-20 10:37:57'),
	(508, 127, 'Traverso', '', 0, 0, '2015-05-20 10:37:57'),
	(509, 128, 'Cvitanich', '', 1, 0, '2015-05-20 10:37:57'),
	(510, 128, 'Cordoba', '', 0, 0, '2015-05-20 10:37:57'),
	(511, 128, 'Sanchez', '', 0, 0, '2015-05-20 10:37:57'),
	(512, 128, 'Lambert', '', 0, 0, '2015-05-20 10:37:57'),
	(513, 129, 'Neymar', '', 1, 0, '2015-05-20 10:37:57'),
	(514, 129, 'Rivaldo', '', 0, 0, '2015-05-20 10:37:57'),
	(515, 129, 'Villavicencio', '', 0, 0, '2015-05-20 10:37:57'),
	(516, 129, 'Tafarel', '', 0, 0, '2015-05-20 10:37:57'),
	(517, 130, 'Mexico', '', 1, 0, '2015-05-20 10:53:18'),
	(518, 130, 'Guatemala', '', 0, 0, '2015-05-20 10:53:19'),
	(519, 130, 'Puerto Rico', '', 0, 0, '2015-05-20 10:53:19'),
	(520, 130, 'España', '', 0, 0, '2015-05-20 10:53:19'),
	(521, 131, 'Argentina', '', 1, 0, '2015-05-20 10:53:19'),
	(522, 131, 'España', '', 0, 0, '2015-05-20 10:53:19'),
	(523, 131, 'Chile', '', 0, 0, '2015-05-20 10:53:19'),
	(524, 131, 'Uruguay', '', 0, 0, '2015-05-20 10:53:19'),
	(525, 132, 'Uruguay', '', 1, 0, '2015-05-20 10:53:19'),
	(526, 132, 'Paraguay', '', 0, 0, '2015-05-20 10:53:19'),
	(527, 132, 'Brasil', '', 0, 0, '2015-05-20 10:53:19'),
	(528, 132, 'Argentina', '', 0, 0, '2015-05-20 10:53:19'),
	(529, 133, 'España', '', 1, 0, '2015-05-20 10:53:19'),
	(530, 133, 'Puerto Rico', '', 0, 0, '2015-05-20 10:53:19'),
	(531, 133, 'Italia', '', 0, 0, '2015-05-20 10:53:19'),
	(532, 133, 'Peru', '', 0, 0, '2015-05-20 10:53:19'),
	(533, 134, 'Brasil', '', 1, 0, '2015-05-20 10:53:19'),
	(534, 134, 'Argentina', '', 0, 0, '2015-05-20 10:53:19'),
	(535, 134, 'Colombia', '', 0, 0, '2015-05-20 10:53:19'),
	(536, 134, 'Ecuador', '', 0, 0, '2015-05-20 10:53:19'),
	(537, 135, 'USA', '', 1, 0, '2015-05-20 10:53:20'),
	(538, 135, 'Inglaterra', '', 0, 0, '2015-05-20 10:53:20'),
	(539, 135, 'Irlanda', '', 0, 0, '2015-05-20 10:53:20'),
	(540, 135, 'Gales', '', 0, 0, '2015-05-20 10:53:20'),
	(541, 136, 'Inglaterra', '', 1, 0, '2015-05-20 10:53:20'),
	(542, 136, 'Gales', '', 0, 0, '2015-05-20 10:53:20'),
	(543, 136, 'Irlanda', '', 0, 0, '2015-05-20 10:53:20'),
	(544, 136, 'USA', '', 0, 0, '2015-05-20 10:53:20'),
	(545, 137, 'Alemania', '', 1, 0, '2015-05-20 10:53:20'),
	(546, 137, 'Italia', '', 0, 0, '2015-05-20 10:53:20'),
	(547, 137, 'España', '', 0, 0, '2015-05-20 10:53:20'),
	(548, 137, 'Holanda', '', 0, 0, '2015-05-20 10:53:20'),
	(549, 138, 'Suecia', '', 1, 0, '2015-05-20 10:53:20'),
	(550, 138, 'Alemania', '', 0, 0, '2015-05-20 10:53:20'),
	(551, 138, 'Holanda', '', 0, 0, '2015-05-20 10:53:20'),
	(552, 138, 'Dinamarca', '', 0, 0, '2015-05-20 10:53:20'),
	(553, 139, 'Puerto Rico', '', 1, 0, '2015-05-20 10:53:20'),
	(554, 139, 'Guatemala', '', 0, 0, '2015-05-20 10:53:20'),
	(555, 139, 'Colombia ', '', 0, 0, '2015-05-20 10:53:20'),
	(556, 139, 'España', '', 0, 0, '2015-05-20 10:53:20'),
	(557, 140, 'Rusia', '', 1, 0, '2015-05-20 11:16:04'),
	(558, 140, 'Ucrania', '', 0, 0, '2015-05-20 11:16:04'),
	(559, 140, 'Lituania', '', 0, 0, '2015-05-20 11:16:04'),
	(560, 140, 'Checoslovaquia', '', 0, 0, '2015-05-20 11:16:04'),
	(561, 141, 'Mexico', '', 1, 0, '2015-05-20 11:17:49'),
	(562, 141, 'Chile', '', 0, 0, '2015-05-20 11:17:49'),
	(563, 141, 'Argentina', '', 0, 0, '2015-05-20 11:17:49'),
	(564, 141, 'Brasil', '', 0, 0, '2015-05-20 11:17:49'),
	(565, 142, 'Argentina', '', 1, 0, '2015-05-20 11:19:57'),
	(566, 142, 'Chile', '', 0, 0, '2015-05-20 11:19:57'),
	(567, 142, 'Uruguay', '', 0, 0, '2015-05-20 11:19:57'),
	(568, 142, 'Mexico', '', 0, 0, '2015-05-20 11:19:57'),
	(569, 143, 'Uruguay', '', 1, 0, '2015-05-20 11:20:43'),
	(570, 143, 'Mexico', '', 0, 0, '2015-05-20 11:20:43'),
	(571, 143, 'Colombia', '', 0, 0, '2015-05-20 11:20:43'),
	(572, 143, 'Argentina', '', 0, 0, '2015-05-20 11:20:43'),
	(573, 144, 'USA', '', 1, 0, '2015-05-20 11:21:47'),
	(574, 144, 'Irlanda', '', 0, 0, '2015-05-20 11:21:47'),
	(575, 144, 'Inglaterra', '', 0, 0, '2015-05-20 11:21:47'),
	(576, 144, 'Suecia', '', 0, 0, '2015-05-20 11:21:47');
/*!40000 ALTER TABLE `respuestas` ENABLE KEYS */;


-- Volcando estructura para tabla smw_testtraining.topics
CREATE TABLE IF NOT EXISTS `topics` (
  `id` int(11) NOT NULL AUTO_INCREMENT,
  `topic` varchar(200) DEFAULT NULL,
  `descripcion` varchar(1000) DEFAULT NULL,
  `id_usuario` int(11) NOT NULL DEFAULT '1',
  `valoracion` double DEFAULT NULL,
  `estado` tinyint(4) DEFAULT '0',
  `fecha_alta` timestamp NULL DEFAULT CURRENT_TIMESTAMP,
  PRIMARY KEY (`id`)
) ENGINE=InnoDB AUTO_INCREMENT=5 DEFAULT CHARSET=utf8;

-- Volcando datos para la tabla smw_testtraining.topics: ~4 rows (aproximadamente)
DELETE FROM `topics`;
/*!40000 ALTER TABLE `topics` DISABLE KEYS */;
INSERT INTO `topics` (`id`, `topic`, `descripcion`, `id_usuario`, `valoracion`, `estado`, `fecha_alta`) VALUES
	(1, 'Certificacion AEM', 'Preparacion de Examen', 1, 4, 0, '2015-04-28 15:57:13'),
	(2, 'Prueba Fuego', 'Prueba de Fuego', 1, NULL, 0, '2015-05-20 10:24:39'),
	(3, 'Jugadores Futbol', 'Selecciona los jugadores que pertenecieron al Club.', 1, NULL, 0, '2015-05-20 10:37:55'),
	(4, 'Bandas ', 'Identifique a la banda segun su pais', 1, NULL, 0, '2015-05-20 10:53:18');
/*!40000 ALTER TABLE `topics` ENABLE KEYS */;


-- Volcando estructura para tabla smw_testtraining.usuarios
CREATE TABLE IF NOT EXISTS `usuarios` (
  `id` int(11) NOT NULL AUTO_INCREMENT,
  `usuario` varchar(50) DEFAULT '0',
  `password` varchar(50) DEFAULT '0',
  `nombre` varchar(50) DEFAULT NULL,
  `apellido` varchar(50) DEFAULT NULL,
  `id_rol` tinyint(4) DEFAULT NULL,
  `dni` int(11) DEFAULT NULL,
  `fecha_nac` date DEFAULT NULL,
  `mail` varchar(50) DEFAULT NULL,
  `estado` tinyint(4) NOT NULL DEFAULT '0',
  `fecha_alta` timestamp NOT NULL DEFAULT CURRENT_TIMESTAMP,
  PRIMARY KEY (`id`)
) ENGINE=InnoDB AUTO_INCREMENT=2 DEFAULT CHARSET=utf8;

-- Volcando datos para la tabla smw_testtraining.usuarios: ~1 rows (aproximadamente)
DELETE FROM `usuarios`;
/*!40000 ALTER TABLE `usuarios` DISABLE KEYS */;
INSERT INTO `usuarios` (`id`, `usuario`, `password`, `nombre`, `apellido`, `id_rol`, `dni`, `fecha_nac`, `mail`, `estado`, `fecha_alta`) VALUES
	(1, 'admin', '81dc9bdb52d04dc20036dbd8313ed055', 'Martin Admin', 'Medina', 1, 33552555, '1988-01-18', 'mmedina@asd.com', 0, '2015-05-18 12:22:16');
/*!40000 ALTER TABLE `usuarios` ENABLE KEYS */;
/*!40101 SET SQL_MODE=IFNULL(@OLD_SQL_MODE, '') */;
/*!40014 SET FOREIGN_KEY_CHECKS=IF(@OLD_FOREIGN_KEY_CHECKS IS NULL, 1, @OLD_FOREIGN_KEY_CHECKS) */;
/*!40101 SET CHARACTER_SET_CLIENT=@OLD_CHARACTER_SET_CLIENT */;
